solid OpenSCAD_Model
  facet normal -1 0 0
    outer loop
      vertex -138 117 426
      vertex -138 137 438
      vertex -138 137 426
    endloop
  endfacet
  facet normal -1 -0 0
    outer loop
      vertex -138 137 438
      vertex -138 117 426
      vertex -138 117 438
    endloop
  endfacet
  facet normal -0 0 1
    outer loop
      vertex -138 137 438
      vertex -122 117 438
      vertex -122 137 438
    endloop
  endfacet
  facet normal 0 0 1
    outer loop
      vertex -122 117 438
      vertex -138 137 438
      vertex -138 117 438
    endloop
  endfacet
  facet normal 1 -0 0
    outer loop
      vertex -122 117 438
      vertex -122 137 426
      vertex -122 137 438
    endloop
  endfacet
  facet normal 1 0 0
    outer loop
      vertex -122 137 426
      vertex -122 117 438
      vertex -122 117 426
    endloop
  endfacet
  facet normal 0 0 -1
    outer loop
      vertex -138 117 426
      vertex -122 137 426
      vertex -122 117 426
    endloop
  endfacet
  facet normal -0 0 -1
    outer loop
      vertex -122 137 426
      vertex -138 117 426
      vertex -138 137 426
    endloop
  endfacet
  facet normal 0 -1 0
    outer loop
      vertex -138 117 426
      vertex -122 117 438
      vertex -138 117 438
    endloop
  endfacet
  facet normal 0 -1 -0
    outer loop
      vertex -122 117 438
      vertex -138 117 426
      vertex -122 117 426
    endloop
  endfacet
  facet normal -1 0 0
    outer loop
      vertex -118 117 426
      vertex -118 137 438
      vertex -118 137 426
    endloop
  endfacet
  facet normal -1 -0 0
    outer loop
      vertex -118 137 438
      vertex -118 117 426
      vertex -118 117 438
    endloop
  endfacet
  facet normal -0 0 1
    outer loop
      vertex -118 137 438
      vertex -102 117 438
      vertex -102 137 438
    endloop
  endfacet
  facet normal 0 0 1
    outer loop
      vertex -102 117 438
      vertex -118 137 438
      vertex -118 117 438
    endloop
  endfacet
  facet normal 1 -0 0
    outer loop
      vertex -102 117 438
      vertex -102 137 426
      vertex -102 137 438
    endloop
  endfacet
  facet normal 1 0 0
    outer loop
      vertex -102 137 426
      vertex -102 117 438
      vertex -102 117 426
    endloop
  endfacet
  facet normal 0 0 -1
    outer loop
      vertex -118 117 426
      vertex -102 137 426
      vertex -102 117 426
    endloop
  endfacet
  facet normal -0 0 -1
    outer loop
      vertex -102 137 426
      vertex -118 117 426
      vertex -118 137 426
    endloop
  endfacet
  facet normal 0 -1 0
    outer loop
      vertex -118 117 426
      vertex -102 117 438
      vertex -118 117 438
    endloop
  endfacet
  facet normal 0 -1 -0
    outer loop
      vertex -102 117 438
      vertex -118 117 426
      vertex -102 117 426
    endloop
  endfacet
  facet normal -1 0 0
    outer loop
      vertex -98 117 426
      vertex -98 137 438
      vertex -98 137 426
    endloop
  endfacet
  facet normal -1 -0 0
    outer loop
      vertex -98 137 438
      vertex -98 117 426
      vertex -98 117 438
    endloop
  endfacet
  facet normal -0 0 1
    outer loop
      vertex -98 137 438
      vertex -82 117 438
      vertex -82 137 438
    endloop
  endfacet
  facet normal 0 0 1
    outer loop
      vertex -82 117 438
      vertex -98 137 438
      vertex -98 117 438
    endloop
  endfacet
  facet normal 1 -0 0
    outer loop
      vertex -82 117 438
      vertex -82 137 426
      vertex -82 137 438
    endloop
  endfacet
  facet normal 1 0 0
    outer loop
      vertex -82 137 426
      vertex -82 117 438
      vertex -82 117 426
    endloop
  endfacet
  facet normal 0 0 -1
    outer loop
      vertex -98 117 426
      vertex -82 137 426
      vertex -82 117 426
    endloop
  endfacet
  facet normal -0 0 -1
    outer loop
      vertex -82 137 426
      vertex -98 117 426
      vertex -98 137 426
    endloop
  endfacet
  facet normal 0 -1 0
    outer loop
      vertex -98 117 426
      vertex -82 117 438
      vertex -98 117 438
    endloop
  endfacet
  facet normal 0 -1 -0
    outer loop
      vertex -82 117 438
      vertex -98 117 426
      vertex -82 117 426
    endloop
  endfacet
  facet normal -1 0 0
    outer loop
      vertex -78 117 426
      vertex -78 137 438
      vertex -78 137 426
    endloop
  endfacet
  facet normal -1 -0 0
    outer loop
      vertex -78 137 438
      vertex -78 117 426
      vertex -78 117 438
    endloop
  endfacet
  facet normal -0 0 1
    outer loop
      vertex -78 137 438
      vertex -62 117 438
      vertex -62 137 438
    endloop
  endfacet
  facet normal 0 0 1
    outer loop
      vertex -62 117 438
      vertex -78 137 438
      vertex -78 117 438
    endloop
  endfacet
  facet normal 1 -0 0
    outer loop
      vertex -62 117 438
      vertex -62 137 426
      vertex -62 137 438
    endloop
  endfacet
  facet normal 1 0 0
    outer loop
      vertex -62 137 426
      vertex -62 117 438
      vertex -62 117 426
    endloop
  endfacet
  facet normal 0 0 -1
    outer loop
      vertex -78 117 426
      vertex -62 137 426
      vertex -62 117 426
    endloop
  endfacet
  facet normal -0 0 -1
    outer loop
      vertex -62 137 426
      vertex -78 117 426
      vertex -78 137 426
    endloop
  endfacet
  facet normal 0 -1 0
    outer loop
      vertex -78 117 426
      vertex -62 117 438
      vertex -78 117 438
    endloop
  endfacet
  facet normal 0 -1 -0
    outer loop
      vertex -62 117 438
      vertex -78 117 426
      vertex -62 117 426
    endloop
  endfacet
  facet normal -1 0 0
    outer loop
      vertex -58 117 426
      vertex -58 137 438
      vertex -58 137 426
    endloop
  endfacet
  facet normal -1 -0 0
    outer loop
      vertex -58 137 438
      vertex -58 117 426
      vertex -58 117 438
    endloop
  endfacet
  facet normal -0 0 1
    outer loop
      vertex -58 137 438
      vertex -42 117 438
      vertex -42 137 438
    endloop
  endfacet
  facet normal 0 0 1
    outer loop
      vertex -42 117 438
      vertex -58 137 438
      vertex -58 117 438
    endloop
  endfacet
  facet normal 1 -0 0
    outer loop
      vertex -42 117 438
      vertex -42 137 426
      vertex -42 137 438
    endloop
  endfacet
  facet normal 1 0 0
    outer loop
      vertex -42 137 426
      vertex -42 117 438
      vertex -42 117 426
    endloop
  endfacet
  facet normal 0 0 -1
    outer loop
      vertex -58 117 426
      vertex -42 137 426
      vertex -42 117 426
    endloop
  endfacet
  facet normal -0 0 -1
    outer loop
      vertex -42 137 426
      vertex -58 117 426
      vertex -58 137 426
    endloop
  endfacet
  facet normal 0 -1 0
    outer loop
      vertex -58 117 426
      vertex -42 117 438
      vertex -58 117 438
    endloop
  endfacet
  facet normal 0 -1 -0
    outer loop
      vertex -42 117 438
      vertex -58 117 426
      vertex -42 117 426
    endloop
  endfacet
  facet normal -1 0 0
    outer loop
      vertex -38 117 426
      vertex -38 137 438
      vertex -38 137 426
    endloop
  endfacet
  facet normal -1 -0 0
    outer loop
      vertex -38 137 438
      vertex -38 117 426
      vertex -38 117 438
    endloop
  endfacet
  facet normal -0 0 1
    outer loop
      vertex -38 137 438
      vertex -22 117 438
      vertex -22 137 438
    endloop
  endfacet
  facet normal 0 0 1
    outer loop
      vertex -22 117 438
      vertex -38 137 438
      vertex -38 117 438
    endloop
  endfacet
  facet normal 1 -0 0
    outer loop
      vertex -22 117 438
      vertex -22 137 426
      vertex -22 137 438
    endloop
  endfacet
  facet normal 1 0 0
    outer loop
      vertex -22 137 426
      vertex -22 117 438
      vertex -22 117 426
    endloop
  endfacet
  facet normal 0 0 -1
    outer loop
      vertex -38 117 426
      vertex -22 137 426
      vertex -22 117 426
    endloop
  endfacet
  facet normal -0 0 -1
    outer loop
      vertex -22 137 426
      vertex -38 117 426
      vertex -38 137 426
    endloop
  endfacet
  facet normal 0 -1 0
    outer loop
      vertex -38 117 426
      vertex -22 117 438
      vertex -38 117 438
    endloop
  endfacet
  facet normal 0 -1 -0
    outer loop
      vertex -22 117 438
      vertex -38 117 426
      vertex -22 117 426
    endloop
  endfacet
  facet normal -1 0 0
    outer loop
      vertex -18 117 426
      vertex -18 137 438
      vertex -18 137 426
    endloop
  endfacet
  facet normal -1 -0 0
    outer loop
      vertex -18 137 438
      vertex -18 117 426
      vertex -18 117 438
    endloop
  endfacet
  facet normal -0 0 1
    outer loop
      vertex -18 137 438
      vertex -2 117 438
      vertex -2 137 438
    endloop
  endfacet
  facet normal 0 0 1
    outer loop
      vertex -2 117 438
      vertex -18 137 438
      vertex -18 117 438
    endloop
  endfacet
  facet normal 1 -0 0
    outer loop
      vertex -2 117 438
      vertex -2 137 426
      vertex -2 137 438
    endloop
  endfacet
  facet normal 1 0 0
    outer loop
      vertex -2 137 426
      vertex -2 117 438
      vertex -2 117 426
    endloop
  endfacet
  facet normal 0 0 -1
    outer loop
      vertex -18 117 426
      vertex -2 137 426
      vertex -2 117 426
    endloop
  endfacet
  facet normal -0 0 -1
    outer loop
      vertex -2 137 426
      vertex -18 117 426
      vertex -18 137 426
    endloop
  endfacet
  facet normal 0 -1 0
    outer loop
      vertex -18 117 426
      vertex -2 117 438
      vertex -18 117 438
    endloop
  endfacet
  facet normal 0 -1 -0
    outer loop
      vertex -2 117 438
      vertex -18 117 426
      vertex -2 117 426
    endloop
  endfacet
  facet normal -1 0 0
    outer loop
      vertex -150 -195 150
      vertex -150 -153 166
      vertex -150 -153 150
    endloop
  endfacet
  facet normal -1 -0 0
    outer loop
      vertex -150 -153 166
      vertex -150 -195 150
      vertex -150 -195 166
    endloop
  endfacet
  facet normal -0 0 1
    outer loop
      vertex -150 -153 166
      vertex -136 -195 166
      vertex -136 -153 166
    endloop
  endfacet
  facet normal 0 0 1
    outer loop
      vertex -136 -195 166
      vertex -150 -153 166
      vertex -150 -195 166
    endloop
  endfacet
  facet normal 1 -0 0
    outer loop
      vertex -136 -195 166
      vertex -136 -153 150
      vertex -136 -153 166
    endloop
  endfacet
  facet normal 1 0 0
    outer loop
      vertex -136 -153 150
      vertex -136 -195 166
      vertex -136 -195 150
    endloop
  endfacet
  facet normal 0 1 -0
    outer loop
      vertex -136 -153 150
      vertex -150 -153 166
      vertex -136 -153 166
    endloop
  endfacet
  facet normal 0 1 0
    outer loop
      vertex -150 -153 166
      vertex -136 -153 150
      vertex -150 -153 150
    endloop
  endfacet
  facet normal 0 0 -1
    outer loop
      vertex -150 -195 150
      vertex -136 -153 150
      vertex -136 -195 150
    endloop
  endfacet
  facet normal -0 0 -1
    outer loop
      vertex -136 -153 150
      vertex -150 -195 150
      vertex -150 -153 150
    endloop
  endfacet
  facet normal 0 -1 0
    outer loop
      vertex -150 -195 150
      vertex -136 -195 166
      vertex -150 -195 166
    endloop
  endfacet
  facet normal 0 -1 -0
    outer loop
      vertex -136 -195 166
      vertex -150 -195 150
      vertex -136 -195 150
    endloop
  endfacet
  facet normal -1 0 0
    outer loop
      vertex -145 -147 148
      vertex -145 -137 174
      vertex -145 -137 148
    endloop
  endfacet
  facet normal -1 -0 0
    outer loop
      vertex -145 -137 174
      vertex -145 -147 148
      vertex -145 -147 174
    endloop
  endfacet
  facet normal -0 0 1
    outer loop
      vertex -145 -137 174
      vertex -141 -147 174
      vertex -141 -137 174
    endloop
  endfacet
  facet normal 0 0 1
    outer loop
      vertex -141 -147 174
      vertex -145 -137 174
      vertex -145 -147 174
    endloop
  endfacet
  facet normal 1 -0 0
    outer loop
      vertex -141 -147 174
      vertex -141 -137 148
      vertex -141 -137 174
    endloop
  endfacet
  facet normal 1 0 0
    outer loop
      vertex -141 -137 148
      vertex -141 -147 174
      vertex -141 -147 148
    endloop
  endfacet
  facet normal 0 -1 0
    outer loop
      vertex -145 -147 148
      vertex -141 -147 174
      vertex -145 -147 174
    endloop
  endfacet
  facet normal 0 -1 -0
    outer loop
      vertex -141 -147 174
      vertex -145 -147 148
      vertex -141 -147 148
    endloop
  endfacet
  facet normal 0 1 -0
    outer loop
      vertex -141 -137 148
      vertex -145 -137 174
      vertex -141 -137 174
    endloop
  endfacet
  facet normal 0 1 0
    outer loop
      vertex -145 -137 174
      vertex -141 -137 148
      vertex -145 -137 148
    endloop
  endfacet
  facet normal -1 0 0
    outer loop
      vertex -124 -181.595 150
      vertex -124 -153 166
      vertex -124 -153 150
    endloop
  endfacet
  facet normal -1 -0 0
    outer loop
      vertex -124 -153 166
      vertex -124 -181.595 150
      vertex -124 -189.056 166
    endloop
  endfacet
  facet normal -0 0 1
    outer loop
      vertex -124 -153 166
      vertex -110 -189.056 166
      vertex -110 -153 166
    endloop
  endfacet
  facet normal 0 0 1
    outer loop
      vertex -110 -189.056 166
      vertex -124 -153 166
      vertex -124 -189.056 166
    endloop
  endfacet
  facet normal 1 0 0
    outer loop
      vertex -110 -153 166
      vertex -110 -181.595 150
      vertex -110 -153 150
    endloop
  endfacet
  facet normal 1 0 -0
    outer loop
      vertex -110 -181.595 150
      vertex -110 -153 166
      vertex -110 -189.056 166
    endloop
  endfacet
  facet normal 0 0 -1
    outer loop
      vertex -124 -181.595 150
      vertex -110 -153 150
      vertex -110 -181.595 150
    endloop
  endfacet
  facet normal -0 0 -1
    outer loop
      vertex -110 -153 150
      vertex -124 -181.595 150
      vertex -124 -153 150
    endloop
  endfacet
  facet normal 0 1 -0
    outer loop
      vertex -110 -153 150
      vertex -124 -153 166
      vertex -110 -153 166
    endloop
  endfacet
  facet normal 0 1 0
    outer loop
      vertex -124 -153 166
      vertex -110 -153 150
      vertex -124 -153 150
    endloop
  endfacet
  facet normal -1 0 0
    outer loop
      vertex -119 -147 148
      vertex -119 -137 174
      vertex -119 -137 148
    endloop
  endfacet
  facet normal -1 -0 0
    outer loop
      vertex -119 -137 174
      vertex -119 -147 148
      vertex -119 -147 174
    endloop
  endfacet
  facet normal -0 0 1
    outer loop
      vertex -119 -137 174
      vertex -115 -147 174
      vertex -115 -137 174
    endloop
  endfacet
  facet normal 0 0 1
    outer loop
      vertex -115 -147 174
      vertex -119 -137 174
      vertex -119 -147 174
    endloop
  endfacet
  facet normal 1 -0 0
    outer loop
      vertex -115 -147 174
      vertex -115 -137 148
      vertex -115 -137 174
    endloop
  endfacet
  facet normal 1 0 0
    outer loop
      vertex -115 -137 148
      vertex -115 -147 174
      vertex -115 -147 148
    endloop
  endfacet
  facet normal 0 1 -0
    outer loop
      vertex -115 -137 148
      vertex -119 -137 174
      vertex -115 -137 174
    endloop
  endfacet
  facet normal 0 1 0
    outer loop
      vertex -119 -137 174
      vertex -115 -137 148
      vertex -119 -137 148
    endloop
  endfacet
  facet normal 0 -1 0
    outer loop
      vertex -119 -147 148
      vertex -115 -147 174
      vertex -119 -147 174
    endloop
  endfacet
  facet normal 0 -1 -0
    outer loop
      vertex -115 -147 174
      vertex -119 -147 148
      vertex -115 -147 148
    endloop
  endfacet
  facet normal -1 0 0
    outer loop
      vertex -98 -181.595 150
      vertex -98 -153 166
      vertex -98 -153 150
    endloop
  endfacet
  facet normal -1 -0 0
    outer loop
      vertex -98 -153 166
      vertex -98 -181.595 150
      vertex -98 -189.056 166
    endloop
  endfacet
  facet normal -0 0 1
    outer loop
      vertex -98 -153 166
      vertex -84 -189.056 166
      vertex -84 -153 166
    endloop
  endfacet
  facet normal 0 0 1
    outer loop
      vertex -84 -189.056 166
      vertex -98 -153 166
      vertex -98 -189.056 166
    endloop
  endfacet
  facet normal 1 0 0
    outer loop
      vertex -84 -153 166
      vertex -84 -181.595 150
      vertex -84 -153 150
    endloop
  endfacet
  facet normal 1 0 -0
    outer loop
      vertex -84 -181.595 150
      vertex -84 -153 166
      vertex -84 -189.056 166
    endloop
  endfacet
  facet normal 0 1 -0
    outer loop
      vertex -84 -153 150
      vertex -98 -153 166
      vertex -84 -153 166
    endloop
  endfacet
  facet normal 0 1 0
    outer loop
      vertex -98 -153 166
      vertex -84 -153 150
      vertex -98 -153 150
    endloop
  endfacet
  facet normal 0 0 -1
    outer loop
      vertex -98 -181.595 150
      vertex -84 -153 150
      vertex -84 -181.595 150
    endloop
  endfacet
  facet normal -0 0 -1
    outer loop
      vertex -84 -153 150
      vertex -98 -181.595 150
      vertex -98 -153 150
    endloop
  endfacet
  facet normal -1 0 0
    outer loop
      vertex -93 -147 148
      vertex -93 -137 174
      vertex -93 -137 148
    endloop
  endfacet
  facet normal -1 -0 0
    outer loop
      vertex -93 -137 174
      vertex -93 -147 148
      vertex -93 -147 174
    endloop
  endfacet
  facet normal -0 0 1
    outer loop
      vertex -93 -137 174
      vertex -89 -147 174
      vertex -89 -137 174
    endloop
  endfacet
  facet normal 0 0 1
    outer loop
      vertex -89 -147 174
      vertex -93 -137 174
      vertex -93 -147 174
    endloop
  endfacet
  facet normal 1 -0 0
    outer loop
      vertex -89 -147 174
      vertex -89 -137 148
      vertex -89 -137 174
    endloop
  endfacet
  facet normal 1 0 0
    outer loop
      vertex -89 -137 148
      vertex -89 -147 174
      vertex -89 -147 148
    endloop
  endfacet
  facet normal 0 1 -0
    outer loop
      vertex -89 -137 148
      vertex -93 -137 174
      vertex -89 -137 174
    endloop
  endfacet
  facet normal 0 1 0
    outer loop
      vertex -93 -137 174
      vertex -89 -137 148
      vertex -93 -137 148
    endloop
  endfacet
  facet normal 0 -1 0
    outer loop
      vertex -93 -147 148
      vertex -89 -147 174
      vertex -93 -147 174
    endloop
  endfacet
  facet normal 0 -1 -0
    outer loop
      vertex -89 -147 174
      vertex -93 -147 148
      vertex -89 -147 148
    endloop
  endfacet
  facet normal -1 0 0
    outer loop
      vertex -72 -181.595 150
      vertex -72 -153 166
      vertex -72 -153 150
    endloop
  endfacet
  facet normal -1 -0 0
    outer loop
      vertex -72 -153 166
      vertex -72 -181.595 150
      vertex -72 -189.056 166
    endloop
  endfacet
  facet normal -0 0 1
    outer loop
      vertex -72 -153 166
      vertex -58 -189.056 166
      vertex -58 -153 166
    endloop
  endfacet
  facet normal 0 0 1
    outer loop
      vertex -58 -189.056 166
      vertex -72 -153 166
      vertex -72 -189.056 166
    endloop
  endfacet
  facet normal 1 0 0
    outer loop
      vertex -58 -153 166
      vertex -58 -181.595 150
      vertex -58 -153 150
    endloop
  endfacet
  facet normal 1 0 -0
    outer loop
      vertex -58 -181.595 150
      vertex -58 -153 166
      vertex -58 -189.056 166
    endloop
  endfacet
  facet normal 0 0 -1
    outer loop
      vertex -72 -181.595 150
      vertex -58 -153 150
      vertex -58 -181.595 150
    endloop
  endfacet
  facet normal -0 0 -1
    outer loop
      vertex -58 -153 150
      vertex -72 -181.595 150
      vertex -72 -153 150
    endloop
  endfacet
  facet normal 0 1 -0
    outer loop
      vertex -58 -153 150
      vertex -72 -153 166
      vertex -58 -153 166
    endloop
  endfacet
  facet normal 0 1 0
    outer loop
      vertex -72 -153 166
      vertex -58 -153 150
      vertex -72 -153 150
    endloop
  endfacet
  facet normal -1 0 0
    outer loop
      vertex -67 -147 148
      vertex -67 -137 174
      vertex -67 -137 148
    endloop
  endfacet
  facet normal -1 -0 0
    outer loop
      vertex -67 -137 174
      vertex -67 -147 148
      vertex -67 -147 174
    endloop
  endfacet
  facet normal -0 0 1
    outer loop
      vertex -67 -137 174
      vertex -63 -147 174
      vertex -63 -137 174
    endloop
  endfacet
  facet normal 0 0 1
    outer loop
      vertex -63 -147 174
      vertex -67 -137 174
      vertex -67 -147 174
    endloop
  endfacet
  facet normal 1 -0 0
    outer loop
      vertex -63 -147 174
      vertex -63 -137 148
      vertex -63 -137 174
    endloop
  endfacet
  facet normal 1 0 0
    outer loop
      vertex -63 -137 148
      vertex -63 -147 174
      vertex -63 -147 148
    endloop
  endfacet
  facet normal 0 -1 0
    outer loop
      vertex -67 -147 148
      vertex -63 -147 174
      vertex -67 -147 174
    endloop
  endfacet
  facet normal 0 -1 -0
    outer loop
      vertex -63 -147 174
      vertex -67 -147 148
      vertex -63 -147 148
    endloop
  endfacet
  facet normal 0 1 -0
    outer loop
      vertex -63 -137 148
      vertex -67 -137 174
      vertex -63 -137 174
    endloop
  endfacet
  facet normal 0 1 0
    outer loop
      vertex -67 -137 174
      vertex -63 -137 148
      vertex -67 -137 148
    endloop
  endfacet
  facet normal -1 0 0
    outer loop
      vertex -46 -181.595 150
      vertex -46 -153 166
      vertex -46 -153 150
    endloop
  endfacet
  facet normal -1 -0 0
    outer loop
      vertex -46 -153 166
      vertex -46 -181.595 150
      vertex -46 -189.056 166
    endloop
  endfacet
  facet normal -0 0 1
    outer loop
      vertex -46 -153 166
      vertex -32 -189.056 166
      vertex -32 -153 166
    endloop
  endfacet
  facet normal 0 0 1
    outer loop
      vertex -32 -189.056 166
      vertex -46 -153 166
      vertex -46 -189.056 166
    endloop
  endfacet
  facet normal 1 0 0
    outer loop
      vertex -32 -153 166
      vertex -32 -181.595 150
      vertex -32 -153 150
    endloop
  endfacet
  facet normal 1 0 -0
    outer loop
      vertex -32 -181.595 150
      vertex -32 -153 166
      vertex -32 -189.056 166
    endloop
  endfacet
  facet normal 0 0 -1
    outer loop
      vertex -46 -181.595 150
      vertex -32 -153 150
      vertex -32 -181.595 150
    endloop
  endfacet
  facet normal -0 0 -1
    outer loop
      vertex -32 -153 150
      vertex -46 -181.595 150
      vertex -46 -153 150
    endloop
  endfacet
  facet normal 0 1 -0
    outer loop
      vertex -32 -153 150
      vertex -46 -153 166
      vertex -32 -153 166
    endloop
  endfacet
  facet normal 0 1 0
    outer loop
      vertex -46 -153 166
      vertex -32 -153 150
      vertex -46 -153 150
    endloop
  endfacet
  facet normal -1 0 0
    outer loop
      vertex -41 -147 148
      vertex -41 -137 174
      vertex -41 -137 148
    endloop
  endfacet
  facet normal -1 -0 0
    outer loop
      vertex -41 -137 174
      vertex -41 -147 148
      vertex -41 -147 174
    endloop
  endfacet
  facet normal -0 0 1
    outer loop
      vertex -41 -137 174
      vertex -37 -147 174
      vertex -37 -137 174
    endloop
  endfacet
  facet normal 0 0 1
    outer loop
      vertex -37 -147 174
      vertex -41 -137 174
      vertex -41 -147 174
    endloop
  endfacet
  facet normal 1 -0 0
    outer loop
      vertex -37 -147 174
      vertex -37 -137 148
      vertex -37 -137 174
    endloop
  endfacet
  facet normal 1 0 0
    outer loop
      vertex -37 -137 148
      vertex -37 -147 174
      vertex -37 -147 148
    endloop
  endfacet
  facet normal 0 1 -0
    outer loop
      vertex -37 -137 148
      vertex -41 -137 174
      vertex -37 -137 174
    endloop
  endfacet
  facet normal 0 1 0
    outer loop
      vertex -41 -137 174
      vertex -37 -137 148
      vertex -41 -137 148
    endloop
  endfacet
  facet normal 0 -1 0
    outer loop
      vertex -41 -147 148
      vertex -37 -147 174
      vertex -41 -147 174
    endloop
  endfacet
  facet normal 0 -1 -0
    outer loop
      vertex -37 -147 174
      vertex -41 -147 148
      vertex -37 -147 148
    endloop
  endfacet
  facet normal -1 0 0
    outer loop
      vertex -20 -181.595 150
      vertex -20 -153 166
      vertex -20 -153 150
    endloop
  endfacet
  facet normal -1 -0 0
    outer loop
      vertex -20 -153 166
      vertex -20 -181.595 150
      vertex -20 -189.056 166
    endloop
  endfacet
  facet normal -0 0 1
    outer loop
      vertex -20 -153 166
      vertex -6 -189.056 166
      vertex -6 -153 166
    endloop
  endfacet
  facet normal 0 0 1
    outer loop
      vertex -6 -189.056 166
      vertex -20 -153 166
      vertex -20 -189.056 166
    endloop
  endfacet
  facet normal 1 0 0
    outer loop
      vertex -6 -153 166
      vertex -6 -181.595 150
      vertex -6 -153 150
    endloop
  endfacet
  facet normal 1 0 -0
    outer loop
      vertex -6 -181.595 150
      vertex -6 -153 166
      vertex -6 -189.056 166
    endloop
  endfacet
  facet normal 0 1 -0
    outer loop
      vertex -6 -153 150
      vertex -20 -153 166
      vertex -6 -153 166
    endloop
  endfacet
  facet normal 0 1 0
    outer loop
      vertex -20 -153 166
      vertex -6 -153 150
      vertex -20 -153 150
    endloop
  endfacet
  facet normal 0 0 -1
    outer loop
      vertex -20 -181.595 150
      vertex -6 -153 150
      vertex -6 -181.595 150
    endloop
  endfacet
  facet normal -0 0 -1
    outer loop
      vertex -6 -153 150
      vertex -20 -181.595 150
      vertex -20 -153 150
    endloop
  endfacet
  facet normal -1 0 0
    outer loop
      vertex -15 -147 148
      vertex -15 -137 174
      vertex -15 -137 148
    endloop
  endfacet
  facet normal -1 -0 0
    outer loop
      vertex -15 -137 174
      vertex -15 -147 148
      vertex -15 -147 174
    endloop
  endfacet
  facet normal -0 0 1
    outer loop
      vertex -15 -137 174
      vertex -11 -147 174
      vertex -11 -137 174
    endloop
  endfacet
  facet normal 0 0 1
    outer loop
      vertex -11 -147 174
      vertex -15 -137 174
      vertex -15 -147 174
    endloop
  endfacet
  facet normal 1 -0 0
    outer loop
      vertex -11 -147 174
      vertex -11 -137 148
      vertex -11 -137 174
    endloop
  endfacet
  facet normal 1 0 0
    outer loop
      vertex -11 -137 148
      vertex -11 -147 174
      vertex -11 -147 148
    endloop
  endfacet
  facet normal 0 1 -0
    outer loop
      vertex -11 -137 148
      vertex -15 -137 174
      vertex -11 -137 174
    endloop
  endfacet
  facet normal 0 1 0
    outer loop
      vertex -15 -137 174
      vertex -11 -137 148
      vertex -15 -137 148
    endloop
  endfacet
  facet normal 0 -1 0
    outer loop
      vertex -15 -147 148
      vertex -11 -147 174
      vertex -15 -147 174
    endloop
  endfacet
  facet normal 0 -1 -0
    outer loop
      vertex -11 -147 174
      vertex -15 -147 148
      vertex -11 -147 148
    endloop
  endfacet
  facet normal -1 0 0
    outer loop
      vertex 6 -181.595 150
      vertex 6 -153 166
      vertex 6 -153 150
    endloop
  endfacet
  facet normal -1 -0 0
    outer loop
      vertex 6 -153 166
      vertex 6 -181.595 150
      vertex 6 -189.056 166
    endloop
  endfacet
  facet normal -0 0 1
    outer loop
      vertex 6 -153 166
      vertex 20 -189.056 166
      vertex 20 -153 166
    endloop
  endfacet
  facet normal 0 0 1
    outer loop
      vertex 20 -189.056 166
      vertex 6 -153 166
      vertex 6 -189.056 166
    endloop
  endfacet
  facet normal 1 0 0
    outer loop
      vertex 20 -153 166
      vertex 20 -181.595 150
      vertex 20 -153 150
    endloop
  endfacet
  facet normal 1 0 -0
    outer loop
      vertex 20 -181.595 150
      vertex 20 -153 166
      vertex 20 -189.056 166
    endloop
  endfacet
  facet normal 0 1 -0
    outer loop
      vertex 20 -153 150
      vertex 6 -153 166
      vertex 20 -153 166
    endloop
  endfacet
  facet normal 0 1 0
    outer loop
      vertex 6 -153 166
      vertex 20 -153 150
      vertex 6 -153 150
    endloop
  endfacet
  facet normal 0 0 -1
    outer loop
      vertex 6 -181.595 150
      vertex 20 -153 150
      vertex 20 -181.595 150
    endloop
  endfacet
  facet normal -0 0 -1
    outer loop
      vertex 20 -153 150
      vertex 6 -181.595 150
      vertex 6 -153 150
    endloop
  endfacet
  facet normal -1 0 0
    outer loop
      vertex 11 -147 148
      vertex 11 -137 174
      vertex 11 -137 148
    endloop
  endfacet
  facet normal -1 -0 0
    outer loop
      vertex 11 -137 174
      vertex 11 -147 148
      vertex 11 -147 174
    endloop
  endfacet
  facet normal -0 0 1
    outer loop
      vertex 11 -137 174
      vertex 15 -147 174
      vertex 15 -137 174
    endloop
  endfacet
  facet normal 0 0 1
    outer loop
      vertex 15 -147 174
      vertex 11 -137 174
      vertex 11 -147 174
    endloop
  endfacet
  facet normal 1 -0 0
    outer loop
      vertex 15 -147 174
      vertex 15 -137 148
      vertex 15 -137 174
    endloop
  endfacet
  facet normal 1 0 0
    outer loop
      vertex 15 -137 148
      vertex 15 -147 174
      vertex 15 -147 148
    endloop
  endfacet
  facet normal 0 -1 0
    outer loop
      vertex 11 -147 148
      vertex 15 -147 174
      vertex 11 -147 174
    endloop
  endfacet
  facet normal 0 -1 -0
    outer loop
      vertex 15 -147 174
      vertex 11 -147 148
      vertex 15 -147 148
    endloop
  endfacet
  facet normal 0 1 -0
    outer loop
      vertex 15 -137 148
      vertex 11 -137 174
      vertex 15 -137 174
    endloop
  endfacet
  facet normal 0 1 0
    outer loop
      vertex 11 -137 174
      vertex 15 -137 148
      vertex 11 -137 148
    endloop
  endfacet
  facet normal -1 0 0
    outer loop
      vertex 32 -181.595 150
      vertex 32 -153 166
      vertex 32 -153 150
    endloop
  endfacet
  facet normal -1 -0 0
    outer loop
      vertex 32 -153 166
      vertex 32 -181.595 150
      vertex 32 -189.056 166
    endloop
  endfacet
  facet normal -0 0 1
    outer loop
      vertex 32 -153 166
      vertex 46 -189.056 166
      vertex 46 -153 166
    endloop
  endfacet
  facet normal 0 0 1
    outer loop
      vertex 46 -189.056 166
      vertex 32 -153 166
      vertex 32 -189.056 166
    endloop
  endfacet
  facet normal 1 0 0
    outer loop
      vertex 46 -153 166
      vertex 46 -181.595 150
      vertex 46 -153 150
    endloop
  endfacet
  facet normal 1 0 -0
    outer loop
      vertex 46 -181.595 150
      vertex 46 -153 166
      vertex 46 -189.056 166
    endloop
  endfacet
  facet normal 0 1 -0
    outer loop
      vertex 46 -153 150
      vertex 32 -153 166
      vertex 46 -153 166
    endloop
  endfacet
  facet normal 0 1 0
    outer loop
      vertex 32 -153 166
      vertex 46 -153 150
      vertex 32 -153 150
    endloop
  endfacet
  facet normal 0 0 -1
    outer loop
      vertex 32 -181.595 150
      vertex 46 -153 150
      vertex 46 -181.595 150
    endloop
  endfacet
  facet normal -0 0 -1
    outer loop
      vertex 46 -153 150
      vertex 32 -181.595 150
      vertex 32 -153 150
    endloop
  endfacet
  facet normal -1 0 0
    outer loop
      vertex 37 -147 148
      vertex 37 -137 174
      vertex 37 -137 148
    endloop
  endfacet
  facet normal -1 -0 0
    outer loop
      vertex 37 -137 174
      vertex 37 -147 148
      vertex 37 -147 174
    endloop
  endfacet
  facet normal -0 0 1
    outer loop
      vertex 37 -137 174
      vertex 41 -147 174
      vertex 41 -137 174
    endloop
  endfacet
  facet normal 0 0 1
    outer loop
      vertex 41 -147 174
      vertex 37 -137 174
      vertex 37 -147 174
    endloop
  endfacet
  facet normal 1 -0 0
    outer loop
      vertex 41 -147 174
      vertex 41 -137 148
      vertex 41 -137 174
    endloop
  endfacet
  facet normal 1 0 0
    outer loop
      vertex 41 -137 148
      vertex 41 -147 174
      vertex 41 -147 148
    endloop
  endfacet
  facet normal 0 1 -0
    outer loop
      vertex 41 -137 148
      vertex 37 -137 174
      vertex 41 -137 174
    endloop
  endfacet
  facet normal 0 1 0
    outer loop
      vertex 37 -137 174
      vertex 41 -137 148
      vertex 37 -137 148
    endloop
  endfacet
  facet normal 0 -1 0
    outer loop
      vertex 37 -147 148
      vertex 41 -147 174
      vertex 37 -147 174
    endloop
  endfacet
  facet normal 0 -1 -0
    outer loop
      vertex 41 -147 174
      vertex 37 -147 148
      vertex 41 -147 148
    endloop
  endfacet
  facet normal -1 0 0
    outer loop
      vertex 58 -181.595 150
      vertex 58 -153 166
      vertex 58 -153 150
    endloop
  endfacet
  facet normal -1 -0 0
    outer loop
      vertex 58 -153 166
      vertex 58 -181.595 150
      vertex 58 -189.056 166
    endloop
  endfacet
  facet normal -0 0 1
    outer loop
      vertex 58 -153 166
      vertex 72 -189.056 166
      vertex 72 -153 166
    endloop
  endfacet
  facet normal 0 0 1
    outer loop
      vertex 72 -189.056 166
      vertex 58 -153 166
      vertex 58 -189.056 166
    endloop
  endfacet
  facet normal 1 0 0
    outer loop
      vertex 72 -153 166
      vertex 72 -181.595 150
      vertex 72 -153 150
    endloop
  endfacet
  facet normal 1 0 -0
    outer loop
      vertex 72 -181.595 150
      vertex 72 -153 166
      vertex 72 -189.056 166
    endloop
  endfacet
  facet normal 0 1 -0
    outer loop
      vertex 72 -153 150
      vertex 58 -153 166
      vertex 72 -153 166
    endloop
  endfacet
  facet normal 0 1 0
    outer loop
      vertex 58 -153 166
      vertex 72 -153 150
      vertex 58 -153 150
    endloop
  endfacet
  facet normal 0 0 -1
    outer loop
      vertex 58 -181.595 150
      vertex 72 -153 150
      vertex 72 -181.595 150
    endloop
  endfacet
  facet normal -0 0 -1
    outer loop
      vertex 72 -153 150
      vertex 58 -181.595 150
      vertex 58 -153 150
    endloop
  endfacet
  facet normal -1 0 0
    outer loop
      vertex 63 -147 148
      vertex 63 -137 174
      vertex 63 -137 148
    endloop
  endfacet
  facet normal -1 -0 0
    outer loop
      vertex 63 -137 174
      vertex 63 -147 148
      vertex 63 -147 174
    endloop
  endfacet
  facet normal -0 0 1
    outer loop
      vertex 63 -137 174
      vertex 67 -147 174
      vertex 67 -137 174
    endloop
  endfacet
  facet normal 0 0 1
    outer loop
      vertex 67 -147 174
      vertex 63 -137 174
      vertex 63 -147 174
    endloop
  endfacet
  facet normal 1 -0 0
    outer loop
      vertex 67 -147 174
      vertex 67 -137 148
      vertex 67 -137 174
    endloop
  endfacet
  facet normal 1 0 0
    outer loop
      vertex 67 -137 148
      vertex 67 -147 174
      vertex 67 -147 148
    endloop
  endfacet
  facet normal 0 1 -0
    outer loop
      vertex 67 -137 148
      vertex 63 -137 174
      vertex 67 -137 174
    endloop
  endfacet
  facet normal 0 1 0
    outer loop
      vertex 63 -137 174
      vertex 67 -137 148
      vertex 63 -137 148
    endloop
  endfacet
  facet normal 0 -1 0
    outer loop
      vertex 63 -147 148
      vertex 67 -147 174
      vertex 63 -147 174
    endloop
  endfacet
  facet normal 0 -1 -0
    outer loop
      vertex 67 -147 174
      vertex 63 -147 148
      vertex 67 -147 148
    endloop
  endfacet
  facet normal -1 0 0
    outer loop
      vertex 84 -181.595 150
      vertex 84 -153 166
      vertex 84 -153 150
    endloop
  endfacet
  facet normal -1 -0 0
    outer loop
      vertex 84 -153 166
      vertex 84 -181.595 150
      vertex 84 -189.056 166
    endloop
  endfacet
  facet normal -0 0 1
    outer loop
      vertex 84 -153 166
      vertex 98 -189.056 166
      vertex 98 -153 166
    endloop
  endfacet
  facet normal 0 0 1
    outer loop
      vertex 98 -189.056 166
      vertex 84 -153 166
      vertex 84 -189.056 166
    endloop
  endfacet
  facet normal 1 0 0
    outer loop
      vertex 98 -153 166
      vertex 98 -181.595 150
      vertex 98 -153 150
    endloop
  endfacet
  facet normal 1 0 -0
    outer loop
      vertex 98 -181.595 150
      vertex 98 -153 166
      vertex 98 -189.056 166
    endloop
  endfacet
  facet normal 0 1 -0
    outer loop
      vertex 98 -153 150
      vertex 84 -153 166
      vertex 98 -153 166
    endloop
  endfacet
  facet normal 0 1 0
    outer loop
      vertex 84 -153 166
      vertex 98 -153 150
      vertex 84 -153 150
    endloop
  endfacet
  facet normal 0 0 -1
    outer loop
      vertex 84 -181.595 150
      vertex 98 -153 150
      vertex 98 -181.595 150
    endloop
  endfacet
  facet normal -0 0 -1
    outer loop
      vertex 98 -153 150
      vertex 84 -181.595 150
      vertex 84 -153 150
    endloop
  endfacet
  facet normal -1 0 0
    outer loop
      vertex 89 -147 148
      vertex 89 -137 174
      vertex 89 -137 148
    endloop
  endfacet
  facet normal -1 -0 0
    outer loop
      vertex 89 -137 174
      vertex 89 -147 148
      vertex 89 -147 174
    endloop
  endfacet
  facet normal -0 0 1
    outer loop
      vertex 89 -137 174
      vertex 93 -147 174
      vertex 93 -137 174
    endloop
  endfacet
  facet normal 0 0 1
    outer loop
      vertex 93 -147 174
      vertex 89 -137 174
      vertex 89 -147 174
    endloop
  endfacet
  facet normal 1 -0 0
    outer loop
      vertex 93 -147 174
      vertex 93 -137 148
      vertex 93 -137 174
    endloop
  endfacet
  facet normal 1 0 0
    outer loop
      vertex 93 -137 148
      vertex 93 -147 174
      vertex 93 -147 148
    endloop
  endfacet
  facet normal 0 1 -0
    outer loop
      vertex 93 -137 148
      vertex 89 -137 174
      vertex 93 -137 174
    endloop
  endfacet
  facet normal 0 1 0
    outer loop
      vertex 89 -137 174
      vertex 93 -137 148
      vertex 89 -137 148
    endloop
  endfacet
  facet normal 0 -1 0
    outer loop
      vertex 89 -147 148
      vertex 93 -147 174
      vertex 89 -147 174
    endloop
  endfacet
  facet normal 0 -1 -0
    outer loop
      vertex 93 -147 174
      vertex 89 -147 148
      vertex 93 -147 148
    endloop
  endfacet
  facet normal -1 0 0
    outer loop
      vertex 110 -181.595 150
      vertex 110 -153 166
      vertex 110 -153 150
    endloop
  endfacet
  facet normal -1 -0 0
    outer loop
      vertex 110 -153 166
      vertex 110 -181.595 150
      vertex 110 -189.056 166
    endloop
  endfacet
  facet normal -0 0 1
    outer loop
      vertex 110 -153 166
      vertex 124 -189.056 166
      vertex 124 -153 166
    endloop
  endfacet
  facet normal 0 0 1
    outer loop
      vertex 124 -189.056 166
      vertex 110 -153 166
      vertex 110 -189.056 166
    endloop
  endfacet
  facet normal 1 0 0
    outer loop
      vertex 124 -153 166
      vertex 124 -181.595 150
      vertex 124 -153 150
    endloop
  endfacet
  facet normal 1 0 -0
    outer loop
      vertex 124 -181.595 150
      vertex 124 -153 166
      vertex 124 -189.056 166
    endloop
  endfacet
  facet normal 0 0 -1
    outer loop
      vertex 110 -181.595 150
      vertex 124 -153 150
      vertex 124 -181.595 150
    endloop
  endfacet
  facet normal -0 0 -1
    outer loop
      vertex 124 -153 150
      vertex 110 -181.595 150
      vertex 110 -153 150
    endloop
  endfacet
  facet normal 0 1 -0
    outer loop
      vertex 124 -153 150
      vertex 110 -153 166
      vertex 124 -153 166
    endloop
  endfacet
  facet normal 0 1 0
    outer loop
      vertex 110 -153 166
      vertex 124 -153 150
      vertex 110 -153 150
    endloop
  endfacet
  facet normal -1 0 0
    outer loop
      vertex 115 -147 148
      vertex 115 -137 174
      vertex 115 -137 148
    endloop
  endfacet
  facet normal -1 -0 0
    outer loop
      vertex 115 -137 174
      vertex 115 -147 148
      vertex 115 -147 174
    endloop
  endfacet
  facet normal -0 0 1
    outer loop
      vertex 115 -137 174
      vertex 119 -147 174
      vertex 119 -137 174
    endloop
  endfacet
  facet normal 0 0 1
    outer loop
      vertex 119 -147 174
      vertex 115 -137 174
      vertex 115 -147 174
    endloop
  endfacet
  facet normal 1 -0 0
    outer loop
      vertex 119 -147 174
      vertex 119 -137 148
      vertex 119 -137 174
    endloop
  endfacet
  facet normal 1 0 0
    outer loop
      vertex 119 -137 148
      vertex 119 -147 174
      vertex 119 -147 148
    endloop
  endfacet
  facet normal 0 -1 0
    outer loop
      vertex 115 -147 148
      vertex 119 -147 174
      vertex 115 -147 174
    endloop
  endfacet
  facet normal 0 -1 -0
    outer loop
      vertex 119 -147 174
      vertex 115 -147 148
      vertex 119 -147 148
    endloop
  endfacet
  facet normal 0 1 -0
    outer loop
      vertex 119 -137 148
      vertex 115 -137 174
      vertex 119 -137 174
    endloop
  endfacet
  facet normal 0 1 0
    outer loop
      vertex 115 -137 174
      vertex 119 -137 148
      vertex 115 -137 148
    endloop
  endfacet
  facet normal -1 0 0
    outer loop
      vertex 136 -195 150
      vertex 136 -153 166
      vertex 136 -153 150
    endloop
  endfacet
  facet normal -1 -0 0
    outer loop
      vertex 136 -153 166
      vertex 136 -195 150
      vertex 136 -195 166
    endloop
  endfacet
  facet normal -0 0 1
    outer loop
      vertex 136 -153 166
      vertex 150 -195 166
      vertex 150 -153 166
    endloop
  endfacet
  facet normal 0 0 1
    outer loop
      vertex 150 -195 166
      vertex 136 -153 166
      vertex 136 -195 166
    endloop
  endfacet
  facet normal 1 -0 0
    outer loop
      vertex 150 -195 166
      vertex 150 -153 150
      vertex 150 -153 166
    endloop
  endfacet
  facet normal 1 0 0
    outer loop
      vertex 150 -153 150
      vertex 150 -195 166
      vertex 150 -195 150
    endloop
  endfacet
  facet normal 0 0 -1
    outer loop
      vertex 136 -195 150
      vertex 150 -153 150
      vertex 150 -195 150
    endloop
  endfacet
  facet normal -0 0 -1
    outer loop
      vertex 150 -153 150
      vertex 136 -195 150
      vertex 136 -153 150
    endloop
  endfacet
  facet normal 0 -1 0
    outer loop
      vertex 136 -195 150
      vertex 150 -195 166
      vertex 136 -195 166
    endloop
  endfacet
  facet normal 0 -1 -0
    outer loop
      vertex 150 -195 166
      vertex 136 -195 150
      vertex 150 -195 150
    endloop
  endfacet
  facet normal 0 1 -0
    outer loop
      vertex 150 -153 150
      vertex 136 -153 166
      vertex 150 -153 166
    endloop
  endfacet
  facet normal 0 1 0
    outer loop
      vertex 136 -153 166
      vertex 150 -153 150
      vertex 136 -153 150
    endloop
  endfacet
  facet normal -1 0 0
    outer loop
      vertex 141 -147 148
      vertex 141 -137 174
      vertex 141 -137 148
    endloop
  endfacet
  facet normal -1 -0 0
    outer loop
      vertex 141 -137 174
      vertex 141 -147 148
      vertex 141 -147 174
    endloop
  endfacet
  facet normal -0 0 1
    outer loop
      vertex 141 -137 174
      vertex 145 -147 174
      vertex 145 -137 174
    endloop
  endfacet
  facet normal 0 0 1
    outer loop
      vertex 145 -147 174
      vertex 141 -137 174
      vertex 141 -147 174
    endloop
  endfacet
  facet normal 1 -0 0
    outer loop
      vertex 145 -147 174
      vertex 145 -137 148
      vertex 145 -137 174
    endloop
  endfacet
  facet normal 1 0 0
    outer loop
      vertex 145 -137 148
      vertex 145 -147 174
      vertex 145 -147 148
    endloop
  endfacet
  facet normal 0 -1 0
    outer loop
      vertex 141 -147 148
      vertex 145 -147 174
      vertex 141 -147 174
    endloop
  endfacet
  facet normal 0 -1 -0
    outer loop
      vertex 145 -147 174
      vertex 141 -147 148
      vertex 145 -147 148
    endloop
  endfacet
  facet normal 0 1 -0
    outer loop
      vertex 145 -137 148
      vertex 141 -137 174
      vertex 145 -137 174
    endloop
  endfacet
  facet normal 0 1 0
    outer loop
      vertex 141 -137 174
      vertex 145 -137 148
      vertex 141 -137 148
    endloop
  endfacet
  facet normal 0.819232 0.573462 0
    outer loop
      vertex 277.588 206 52.55
      vertex 275.789 208.57 -52.55
      vertex 275.789 208.57 52.55
    endloop
  endfacet
  facet normal 0.819232 0.573462 0
    outer loop
      vertex 275.789 208.57 -52.55
      vertex 277.588 206 52.55
      vertex 277.588 206 -52.55
    endloop
  endfacet
  facet normal -0.819232 0.573462 0
    outer loop
      vertex -277.588 206 -52.55
      vertex -275.789 208.57 52.55
      vertex -275.789 208.57 -52.55
    endloop
  endfacet
  facet normal -0.819232 0.573462 0
    outer loop
      vertex -275.789 208.57 52.55
      vertex -277.588 206 -52.55
      vertex -277.588 206 52.55
    endloop
  endfacet
  facet normal 0 -1 0
    outer loop
      vertex -262 -215 -52.55
      vertex 262 -215 52.55
      vertex -262 -215 52.55
    endloop
  endfacet
  facet normal 0 -1 -0
    outer loop
      vertex 262 -215 52.55
      vertex -262 -215 -52.55
      vertex 262 -215 -52.55
    endloop
  endfacet
  facet normal 0.573462 0.819232 -0
    outer loop
      vertex 273.57 210.789 -52.55
      vertex 271 212.588 52.55
      vertex 273.57 210.789 52.55
    endloop
  endfacet
  facet normal 0.573462 0.819232 0
    outer loop
      vertex 271 212.588 52.55
      vertex 273.57 210.789 -52.55
      vertex 271 212.588 -52.55
    endloop
  endfacet
  facet normal -0.996208 -0.0870009 0
    outer loop
      vertex -279.727 -200.126 -52.55
      vertex -280 -197 52.55
      vertex -280 -197 -52.55
    endloop
  endfacet
  facet normal -0.996208 -0.0870009 0
    outer loop
      vertex -280 -197 52.55
      vertex -279.727 -200.126 -52.55
      vertex -279.727 -200.126 52.55
    endloop
  endfacet
  facet normal 0 0 1
    outer loop
      vertex 262 215 52.55
      vertex 280 197 52.55
      vertex 279.727 200.126 52.55
    endloop
  endfacet
  facet normal 0 0 1
    outer loop
      vertex 280 197 52.55
      vertex 262 215 52.55
      vertex 280 -197 52.55
    endloop
  endfacet
  facet normal 0 0 1
    outer loop
      vertex 262 215 52.55
      vertex 279.727 200.126 52.55
      vertex 278.914 203.156 52.55
    endloop
  endfacet
  facet normal 0 0 1
    outer loop
      vertex 262 -215 52.55
      vertex 280 -197 52.55
      vertex 262 215 52.55
    endloop
  endfacet
  facet normal 0 0 1
    outer loop
      vertex 262 215 52.55
      vertex 278.914 203.156 52.55
      vertex 277.588 206 52.55
    endloop
  endfacet
  facet normal 0 0 1
    outer loop
      vertex 280 -197 52.55
      vertex 262 -215 52.55
      vertex 279.727 -200.126 52.55
    endloop
  endfacet
  facet normal 0 0 1
    outer loop
      vertex 262 215 52.55
      vertex 277.588 206 52.55
      vertex 275.789 208.57 52.55
    endloop
  endfacet
  facet normal 0 0 1
    outer loop
      vertex 279.727 -200.126 52.55
      vertex 262 -215 52.55
      vertex 278.914 -203.156 52.55
    endloop
  endfacet
  facet normal 0 0 1
    outer loop
      vertex 262 215 52.55
      vertex 275.789 208.57 52.55
      vertex 273.57 210.789 52.55
    endloop
  endfacet
  facet normal 0 0 1
    outer loop
      vertex 278.914 -203.156 52.55
      vertex 262 -215 52.55
      vertex 277.588 -206 52.55
    endloop
  endfacet
  facet normal 0 0 1
    outer loop
      vertex 262 215 52.55
      vertex 273.57 210.789 52.55
      vertex 271 212.588 52.55
    endloop
  endfacet
  facet normal 0 0 1
    outer loop
      vertex 277.588 -206 52.55
      vertex 262 -215 52.55
      vertex 275.789 -208.57 52.55
    endloop
  endfacet
  facet normal 0 0 1
    outer loop
      vertex 262 215 52.55
      vertex 271 212.588 52.55
      vertex 268.156 213.914 52.55
    endloop
  endfacet
  facet normal 0 0 1
    outer loop
      vertex 275.789 -208.57 52.55
      vertex 262 -215 52.55
      vertex 273.57 -210.789 52.55
    endloop
  endfacet
  facet normal 0 0 1
    outer loop
      vertex 262 215 52.55
      vertex 268.156 213.914 52.55
      vertex 265.126 214.727 52.55
    endloop
  endfacet
  facet normal 0 0 1
    outer loop
      vertex 273.57 -210.789 52.55
      vertex 262 -215 52.55
      vertex 271 -212.588 52.55
    endloop
  endfacet
  facet normal 0 0 1
    outer loop
      vertex 271 -212.588 52.55
      vertex 262 -215 52.55
      vertex 268.156 -213.914 52.55
    endloop
  endfacet
  facet normal 0 0 1
    outer loop
      vertex 268.156 -213.914 52.55
      vertex 262 -215 52.55
      vertex 265.126 -214.727 52.55
    endloop
  endfacet
  facet normal -0 0 1
    outer loop
      vertex -262 215 52.55
      vertex 262 -215 52.55
      vertex 262 215 52.55
    endloop
  endfacet
  facet normal 0 0 1
    outer loop
      vertex -262 215 52.55
      vertex -262 -215 52.55
      vertex 262 -215 52.55
    endloop
  endfacet
  facet normal 0 0 1
    outer loop
      vertex -280 197 52.55
      vertex -262 215 52.55
      vertex -265.126 214.727 52.55
    endloop
  endfacet
  facet normal 0 0 1
    outer loop
      vertex -262 215 52.55
      vertex -280 197 52.55
      vertex -262 -215 52.55
    endloop
  endfacet
  facet normal 0 0 1
    outer loop
      vertex -280 197 52.55
      vertex -265.126 214.727 52.55
      vertex -268.156 213.914 52.55
    endloop
  endfacet
  facet normal -0 0 1
    outer loop
      vertex -280 -197 52.55
      vertex -262 -215 52.55
      vertex -280 197 52.55
    endloop
  endfacet
  facet normal 0 0 1
    outer loop
      vertex -280 197 52.55
      vertex -268.156 213.914 52.55
      vertex -271 212.588 52.55
    endloop
  endfacet
  facet normal 0 0 1
    outer loop
      vertex -262 -215 52.55
      vertex -280 -197 52.55
      vertex -265.126 -214.727 52.55
    endloop
  endfacet
  facet normal 0 0 1
    outer loop
      vertex -280 197 52.55
      vertex -271 212.588 52.55
      vertex -273.57 210.789 52.55
    endloop
  endfacet
  facet normal 0 0 1
    outer loop
      vertex -265.126 -214.727 52.55
      vertex -280 -197 52.55
      vertex -268.156 -213.914 52.55
    endloop
  endfacet
  facet normal 0 0 1
    outer loop
      vertex -280 197 52.55
      vertex -273.57 210.789 52.55
      vertex -275.789 208.57 52.55
    endloop
  endfacet
  facet normal 0 0 1
    outer loop
      vertex -268.156 -213.914 52.55
      vertex -280 -197 52.55
      vertex -271 -212.588 52.55
    endloop
  endfacet
  facet normal 0 0 1
    outer loop
      vertex -280 197 52.55
      vertex -275.789 208.57 52.55
      vertex -277.588 206 52.55
    endloop
  endfacet
  facet normal 0 0 1
    outer loop
      vertex -271 -212.588 52.55
      vertex -280 -197 52.55
      vertex -273.57 -210.789 52.55
    endloop
  endfacet
  facet normal 0 0 1
    outer loop
      vertex -280 197 52.55
      vertex -277.588 206 52.55
      vertex -278.914 203.156 52.55
    endloop
  endfacet
  facet normal 0 0 1
    outer loop
      vertex -273.57 -210.789 52.55
      vertex -280 -197 52.55
      vertex -275.789 -208.57 52.55
    endloop
  endfacet
  facet normal 0 0 1
    outer loop
      vertex -280 197 52.55
      vertex -278.914 203.156 52.55
      vertex -279.727 200.126 52.55
    endloop
  endfacet
  facet normal 0 0 1
    outer loop
      vertex -275.789 -208.57 52.55
      vertex -280 -197 52.55
      vertex -277.588 -206 52.55
    endloop
  endfacet
  facet normal 0 0 1
    outer loop
      vertex -277.588 -206 52.55
      vertex -280 -197 52.55
      vertex -278.914 -203.156 52.55
    endloop
  endfacet
  facet normal 0 0 1
    outer loop
      vertex -278.914 -203.156 52.55
      vertex -280 -197 52.55
      vertex -279.727 -200.126 52.55
    endloop
  endfacet
  facet normal 0 1 -0
    outer loop
      vertex 262 215 -52.55
      vertex -262 215 52.55
      vertex 262 215 52.55
    endloop
  endfacet
  facet normal 0 1 0
    outer loop
      vertex -262 215 52.55
      vertex 262 215 -52.55
      vertex -262 215 -52.55
    endloop
  endfacet
  facet normal 0.996208 0.0870009 0
    outer loop
      vertex 280 197 52.55
      vertex 279.727 200.126 -52.55
      vertex 279.727 200.126 52.55
    endloop
  endfacet
  facet normal 0.996208 0.0870009 0
    outer loop
      vertex 279.727 200.126 -52.55
      vertex 280 197 52.55
      vertex 280 197 -52.55
    endloop
  endfacet
  facet normal -0.422571 -0.90633 0
    outer loop
      vertex -271 -212.588 -52.55
      vertex -268.156 -213.914 52.55
      vertex -271 -212.588 52.55
    endloop
  endfacet
  facet normal -0.422571 -0.90633 -0
    outer loop
      vertex -268.156 -213.914 52.55
      vertex -271 -212.588 -52.55
      vertex -268.156 -213.914 -52.55
    endloop
  endfacet
  facet normal 0.422571 -0.90633 0
    outer loop
      vertex 268.156 -213.914 -52.55
      vertex 271 -212.588 52.55
      vertex 268.156 -213.914 52.55
    endloop
  endfacet
  facet normal 0.422571 -0.90633 0
    outer loop
      vertex 271 -212.588 52.55
      vertex 268.156 -213.914 -52.55
      vertex 271 -212.588 -52.55
    endloop
  endfacet
  facet normal 0.90633 0.422571 0
    outer loop
      vertex 278.914 203.156 52.55
      vertex 277.588 206 -52.55
      vertex 277.588 206 52.55
    endloop
  endfacet
  facet normal 0.90633 0.422571 0
    outer loop
      vertex 277.588 206 -52.55
      vertex 278.914 203.156 52.55
      vertex 278.914 203.156 -52.55
    endloop
  endfacet
  facet normal -0.707107 0.707107 0
    outer loop
      vertex -275.789 208.57 -52.55
      vertex -273.57 210.789 52.55
      vertex -273.57 210.789 -52.55
    endloop
  endfacet
  facet normal -0.707107 0.707107 0
    outer loop
      vertex -273.57 210.789 52.55
      vertex -275.789 208.57 -52.55
      vertex -275.789 208.57 52.55
    endloop
  endfacet
  facet normal -1 0 0
    outer loop
      vertex -280 -197 -52.55
      vertex -280 197 52.55
      vertex -280 197 -52.55
    endloop
  endfacet
  facet normal -1 -0 0
    outer loop
      vertex -280 197 52.55
      vertex -280 -197 -52.55
      vertex -280 -197 52.55
    endloop
  endfacet
  facet normal 0.965837 0.25915 0
    outer loop
      vertex 279.727 200.126 52.55
      vertex 278.914 203.156 -52.55
      vertex 278.914 203.156 52.55
    endloop
  endfacet
  facet normal 0.965837 0.25915 0
    outer loop
      vertex 278.914 203.156 -52.55
      vertex 279.727 200.126 52.55
      vertex 279.727 200.126 -52.55
    endloop
  endfacet
  facet normal 1 -0 0
    outer loop
      vertex 280 -197 52.55
      vertex 280 197 -52.55
      vertex 280 197 52.55
    endloop
  endfacet
  facet normal 1 0 0
    outer loop
      vertex 280 197 -52.55
      vertex 280 -197 52.55
      vertex 280 -197 -52.55
    endloop
  endfacet
  facet normal -0.707107 -0.707107 0
    outer loop
      vertex -273.57 -210.789 -52.55
      vertex -275.789 -208.57 52.55
      vertex -275.789 -208.57 -52.55
    endloop
  endfacet
  facet normal -0.707107 -0.707107 0
    outer loop
      vertex -275.789 -208.57 52.55
      vertex -273.57 -210.789 -52.55
      vertex -273.57 -210.789 52.55
    endloop
  endfacet
  facet normal -0.573462 -0.819232 0
    outer loop
      vertex -273.57 -210.789 -52.55
      vertex -271 -212.588 52.55
      vertex -273.57 -210.789 52.55
    endloop
  endfacet
  facet normal -0.573462 -0.819232 -0
    outer loop
      vertex -271 -212.588 52.55
      vertex -273.57 -210.789 -52.55
      vertex -271 -212.588 -52.55
    endloop
  endfacet
  facet normal 0.707107 0.707107 0
    outer loop
      vertex 275.789 208.57 52.55
      vertex 273.57 210.789 -52.55
      vertex 273.57 210.789 52.55
    endloop
  endfacet
  facet normal 0.707107 0.707107 0
    outer loop
      vertex 273.57 210.789 -52.55
      vertex 275.789 208.57 52.55
      vertex 275.789 208.57 -52.55
    endloop
  endfacet
  facet normal -0.90633 0.422571 0
    outer loop
      vertex -278.914 203.156 -52.55
      vertex -277.588 206 52.55
      vertex -277.588 206 -52.55
    endloop
  endfacet
  facet normal -0.90633 0.422571 0
    outer loop
      vertex -277.588 206 52.55
      vertex -278.914 203.156 -52.55
      vertex -278.914 203.156 52.55
    endloop
  endfacet
  facet normal -0.573462 0.819232 0
    outer loop
      vertex -271 212.588 -52.55
      vertex -273.57 210.789 52.55
      vertex -271 212.588 52.55
    endloop
  endfacet
  facet normal -0.573462 0.819232 0
    outer loop
      vertex -273.57 210.789 52.55
      vertex -271 212.588 -52.55
      vertex -273.57 210.789 -52.55
    endloop
  endfacet
  facet normal -0.422571 0.90633 0
    outer loop
      vertex -268.156 213.914 -52.55
      vertex -271 212.588 52.55
      vertex -268.156 213.914 52.55
    endloop
  endfacet
  facet normal -0.422571 0.90633 0
    outer loop
      vertex -271 212.588 52.55
      vertex -268.156 213.914 -52.55
      vertex -271 212.588 -52.55
    endloop
  endfacet
  facet normal -0.25915 0.965837 0
    outer loop
      vertex -265.126 214.727 -52.55
      vertex -268.156 213.914 52.55
      vertex -265.126 214.727 52.55
    endloop
  endfacet
  facet normal -0.25915 0.965837 0
    outer loop
      vertex -268.156 213.914 52.55
      vertex -265.126 214.727 -52.55
      vertex -268.156 213.914 -52.55
    endloop
  endfacet
  facet normal -0.0870009 0.996208 0
    outer loop
      vertex -262 215 -52.55
      vertex -265.126 214.727 52.55
      vertex -262 215 52.55
    endloop
  endfacet
  facet normal -0.0870009 0.996208 0
    outer loop
      vertex -265.126 214.727 52.55
      vertex -262 215 -52.55
      vertex -265.126 214.727 -52.55
    endloop
  endfacet
  facet normal 0.0870009 0.996208 -0
    outer loop
      vertex 265.126 214.727 -52.55
      vertex 262 215 52.55
      vertex 265.126 214.727 52.55
    endloop
  endfacet
  facet normal 0.0870009 0.996208 0
    outer loop
      vertex 262 215 52.55
      vertex 265.126 214.727 -52.55
      vertex 262 215 -52.55
    endloop
  endfacet
  facet normal 0.25915 0.965837 -0
    outer loop
      vertex 268.156 213.914 -52.55
      vertex 265.126 214.727 52.55
      vertex 268.156 213.914 52.55
    endloop
  endfacet
  facet normal 0.25915 0.965837 0
    outer loop
      vertex 265.126 214.727 52.55
      vertex 268.156 213.914 -52.55
      vertex 265.126 214.727 -52.55
    endloop
  endfacet
  facet normal 0.422571 0.90633 -0
    outer loop
      vertex 271 212.588 -52.55
      vertex 268.156 213.914 52.55
      vertex 271 212.588 52.55
    endloop
  endfacet
  facet normal 0.422571 0.90633 0
    outer loop
      vertex 268.156 213.914 52.55
      vertex 271 212.588 -52.55
      vertex 268.156 213.914 -52.55
    endloop
  endfacet
  facet normal 0.90633 -0.422571 0
    outer loop
      vertex 277.588 -206 52.55
      vertex 278.914 -203.156 -52.55
      vertex 278.914 -203.156 52.55
    endloop
  endfacet
  facet normal 0.90633 -0.422571 0
    outer loop
      vertex 278.914 -203.156 -52.55
      vertex 277.588 -206 52.55
      vertex 277.588 -206 -52.55
    endloop
  endfacet
  facet normal 0.707107 -0.707107 0
    outer loop
      vertex 273.57 -210.789 52.55
      vertex 275.789 -208.57 -52.55
      vertex 275.789 -208.57 52.55
    endloop
  endfacet
  facet normal 0.707107 -0.707107 0
    outer loop
      vertex 275.789 -208.57 -52.55
      vertex 273.57 -210.789 52.55
      vertex 273.57 -210.789 -52.55
    endloop
  endfacet
  facet normal 0.819232 -0.573462 0
    outer loop
      vertex 275.789 -208.57 52.55
      vertex 277.588 -206 -52.55
      vertex 277.588 -206 52.55
    endloop
  endfacet
  facet normal 0.819232 -0.573462 0
    outer loop
      vertex 277.588 -206 -52.55
      vertex 275.789 -208.57 52.55
      vertex 275.789 -208.57 -52.55
    endloop
  endfacet
  facet normal -0.25915 -0.965837 0
    outer loop
      vertex -268.156 -213.914 -52.55
      vertex -265.126 -214.727 52.55
      vertex -268.156 -213.914 52.55
    endloop
  endfacet
  facet normal -0.25915 -0.965837 -0
    outer loop
      vertex -265.126 -214.727 52.55
      vertex -268.156 -213.914 -52.55
      vertex -265.126 -214.727 -52.55
    endloop
  endfacet
  facet normal -0.996208 0.0870009 0
    outer loop
      vertex -280 197 -52.55
      vertex -279.727 200.126 52.55
      vertex -279.727 200.126 -52.55
    endloop
  endfacet
  facet normal -0.996208 0.0870009 0
    outer loop
      vertex -279.727 200.126 52.55
      vertex -280 197 -52.55
      vertex -280 197 52.55
    endloop
  endfacet
  facet normal -0.965837 0.25915 0
    outer loop
      vertex -279.727 200.126 -52.55
      vertex -278.914 203.156 52.55
      vertex -278.914 203.156 -52.55
    endloop
  endfacet
  facet normal -0.965837 0.25915 0
    outer loop
      vertex -278.914 203.156 52.55
      vertex -279.727 200.126 -52.55
      vertex -279.727 200.126 52.55
    endloop
  endfacet
  facet normal 0 0 -1
    outer loop
      vertex 262 -215 -52.55
      vertex 280 -197 -52.55
      vertex 279.727 -200.126 -52.55
    endloop
  endfacet
  facet normal -0 0 -1
    outer loop
      vertex 280 -197 -52.55
      vertex 262 -215 -52.55
      vertex 280 197 -52.55
    endloop
  endfacet
  facet normal 0 0 -1
    outer loop
      vertex 262 -215 -52.55
      vertex 279.727 -200.126 -52.55
      vertex 278.914 -203.156 -52.55
    endloop
  endfacet
  facet normal 0 0 -1
    outer loop
      vertex 262 215 -52.55
      vertex 280 197 -52.55
      vertex 262 -215 -52.55
    endloop
  endfacet
  facet normal 0 0 -1
    outer loop
      vertex 262 -215 -52.55
      vertex 278.914 -203.156 -52.55
      vertex 277.588 -206 -52.55
    endloop
  endfacet
  facet normal 0 0 -1
    outer loop
      vertex 280 197 -52.55
      vertex 262 215 -52.55
      vertex 279.727 200.126 -52.55
    endloop
  endfacet
  facet normal 0 0 -1
    outer loop
      vertex 262 -215 -52.55
      vertex 277.588 -206 -52.55
      vertex 275.789 -208.57 -52.55
    endloop
  endfacet
  facet normal 0 0 -1
    outer loop
      vertex 279.727 200.126 -52.55
      vertex 262 215 -52.55
      vertex 278.914 203.156 -52.55
    endloop
  endfacet
  facet normal 0 0 -1
    outer loop
      vertex 262 -215 -52.55
      vertex 275.789 -208.57 -52.55
      vertex 273.57 -210.789 -52.55
    endloop
  endfacet
  facet normal 0 0 -1
    outer loop
      vertex 278.914 203.156 -52.55
      vertex 262 215 -52.55
      vertex 277.588 206 -52.55
    endloop
  endfacet
  facet normal 0 0 -1
    outer loop
      vertex 262 -215 -52.55
      vertex 273.57 -210.789 -52.55
      vertex 271 -212.588 -52.55
    endloop
  endfacet
  facet normal 0 0 -1
    outer loop
      vertex 277.588 206 -52.55
      vertex 262 215 -52.55
      vertex 275.789 208.57 -52.55
    endloop
  endfacet
  facet normal 0 0 -1
    outer loop
      vertex 262 -215 -52.55
      vertex 271 -212.588 -52.55
      vertex 268.156 -213.914 -52.55
    endloop
  endfacet
  facet normal 0 0 -1
    outer loop
      vertex 275.789 208.57 -52.55
      vertex 262 215 -52.55
      vertex 273.57 210.789 -52.55
    endloop
  endfacet
  facet normal 0 0 -1
    outer loop
      vertex 262 -215 -52.55
      vertex 268.156 -213.914 -52.55
      vertex 265.126 -214.727 -52.55
    endloop
  endfacet
  facet normal 0 0 -1
    outer loop
      vertex 273.57 210.789 -52.55
      vertex 262 215 -52.55
      vertex 271 212.588 -52.55
    endloop
  endfacet
  facet normal 0 0 -1
    outer loop
      vertex 271 212.588 -52.55
      vertex 262 215 -52.55
      vertex 268.156 213.914 -52.55
    endloop
  endfacet
  facet normal 0 0 -1
    outer loop
      vertex 268.156 213.914 -52.55
      vertex 262 215 -52.55
      vertex 265.126 214.727 -52.55
    endloop
  endfacet
  facet normal 0 0 -1
    outer loop
      vertex -262 -215 -52.55
      vertex 262 215 -52.55
      vertex 262 -215 -52.55
    endloop
  endfacet
  facet normal 0 0 -1
    outer loop
      vertex -262 -215 -52.55
      vertex -262 215 -52.55
      vertex 262 215 -52.55
    endloop
  endfacet
  facet normal 0 0 -1
    outer loop
      vertex -280 -197 -52.55
      vertex -262 -215 -52.55
      vertex -265.126 -214.727 -52.55
    endloop
  endfacet
  facet normal 0 0 -1
    outer loop
      vertex -262 -215 -52.55
      vertex -280 -197 -52.55
      vertex -262 215 -52.55
    endloop
  endfacet
  facet normal 0 0 -1
    outer loop
      vertex -280 -197 -52.55
      vertex -265.126 -214.727 -52.55
      vertex -268.156 -213.914 -52.55
    endloop
  endfacet
  facet normal 0 0 -1
    outer loop
      vertex -280 197 -52.55
      vertex -262 215 -52.55
      vertex -280 -197 -52.55
    endloop
  endfacet
  facet normal 0 0 -1
    outer loop
      vertex -280 -197 -52.55
      vertex -268.156 -213.914 -52.55
      vertex -271 -212.588 -52.55
    endloop
  endfacet
  facet normal 0 0 -1
    outer loop
      vertex -262 215 -52.55
      vertex -280 197 -52.55
      vertex -265.126 214.727 -52.55
    endloop
  endfacet
  facet normal 0 0 -1
    outer loop
      vertex -280 -197 -52.55
      vertex -271 -212.588 -52.55
      vertex -273.57 -210.789 -52.55
    endloop
  endfacet
  facet normal 0 0 -1
    outer loop
      vertex -265.126 214.727 -52.55
      vertex -280 197 -52.55
      vertex -268.156 213.914 -52.55
    endloop
  endfacet
  facet normal 0 0 -1
    outer loop
      vertex -280 -197 -52.55
      vertex -273.57 -210.789 -52.55
      vertex -275.789 -208.57 -52.55
    endloop
  endfacet
  facet normal 0 0 -1
    outer loop
      vertex -268.156 213.914 -52.55
      vertex -280 197 -52.55
      vertex -271 212.588 -52.55
    endloop
  endfacet
  facet normal 0 0 -1
    outer loop
      vertex -280 -197 -52.55
      vertex -275.789 -208.57 -52.55
      vertex -277.588 -206 -52.55
    endloop
  endfacet
  facet normal 0 0 -1
    outer loop
      vertex -271 212.588 -52.55
      vertex -280 197 -52.55
      vertex -273.57 210.789 -52.55
    endloop
  endfacet
  facet normal 0 0 -1
    outer loop
      vertex -280 -197 -52.55
      vertex -277.588 -206 -52.55
      vertex -278.914 -203.156 -52.55
    endloop
  endfacet
  facet normal 0 0 -1
    outer loop
      vertex -273.57 210.789 -52.55
      vertex -280 197 -52.55
      vertex -275.789 208.57 -52.55
    endloop
  endfacet
  facet normal 0 0 -1
    outer loop
      vertex -280 -197 -52.55
      vertex -278.914 -203.156 -52.55
      vertex -279.727 -200.126 -52.55
    endloop
  endfacet
  facet normal 0 0 -1
    outer loop
      vertex -275.789 208.57 -52.55
      vertex -280 197 -52.55
      vertex -277.588 206 -52.55
    endloop
  endfacet
  facet normal 0 0 -1
    outer loop
      vertex -277.588 206 -52.55
      vertex -280 197 -52.55
      vertex -278.914 203.156 -52.55
    endloop
  endfacet
  facet normal 0 0 -1
    outer loop
      vertex -278.914 203.156 -52.55
      vertex -280 197 -52.55
      vertex -279.727 200.126 -52.55
    endloop
  endfacet
  facet normal -0.965837 -0.25915 0
    outer loop
      vertex -278.914 -203.156 -52.55
      vertex -279.727 -200.126 52.55
      vertex -279.727 -200.126 -52.55
    endloop
  endfacet
  facet normal -0.965837 -0.25915 0
    outer loop
      vertex -279.727 -200.126 52.55
      vertex -278.914 -203.156 -52.55
      vertex -278.914 -203.156 52.55
    endloop
  endfacet
  facet normal -0.819232 -0.573462 0
    outer loop
      vertex -275.789 -208.57 -52.55
      vertex -277.588 -206 52.55
      vertex -277.588 -206 -52.55
    endloop
  endfacet
  facet normal -0.819232 -0.573462 0
    outer loop
      vertex -277.588 -206 52.55
      vertex -275.789 -208.57 -52.55
      vertex -275.789 -208.57 52.55
    endloop
  endfacet
  facet normal -0.90633 -0.422571 0
    outer loop
      vertex -277.588 -206 -52.55
      vertex -278.914 -203.156 52.55
      vertex -278.914 -203.156 -52.55
    endloop
  endfacet
  facet normal -0.90633 -0.422571 0
    outer loop
      vertex -278.914 -203.156 52.55
      vertex -277.588 -206 -52.55
      vertex -277.588 -206 52.55
    endloop
  endfacet
  facet normal -0.0870009 -0.996208 0
    outer loop
      vertex -265.126 -214.727 -52.55
      vertex -262 -215 52.55
      vertex -265.126 -214.727 52.55
    endloop
  endfacet
  facet normal -0.0870009 -0.996208 -0
    outer loop
      vertex -262 -215 52.55
      vertex -265.126 -214.727 -52.55
      vertex -262 -215 -52.55
    endloop
  endfacet
  facet normal 0.573462 -0.819232 0
    outer loop
      vertex 271 -212.588 -52.55
      vertex 273.57 -210.789 52.55
      vertex 271 -212.588 52.55
    endloop
  endfacet
  facet normal 0.573462 -0.819232 0
    outer loop
      vertex 273.57 -210.789 52.55
      vertex 271 -212.588 -52.55
      vertex 273.57 -210.789 -52.55
    endloop
  endfacet
  facet normal 0.25915 -0.965837 0
    outer loop
      vertex 265.126 -214.727 -52.55
      vertex 268.156 -213.914 52.55
      vertex 265.126 -214.727 52.55
    endloop
  endfacet
  facet normal 0.25915 -0.965837 0
    outer loop
      vertex 268.156 -213.914 52.55
      vertex 265.126 -214.727 -52.55
      vertex 268.156 -213.914 -52.55
    endloop
  endfacet
  facet normal 0.0870009 -0.996208 0
    outer loop
      vertex 262 -215 -52.55
      vertex 265.126 -214.727 52.55
      vertex 262 -215 52.55
    endloop
  endfacet
  facet normal 0.0870009 -0.996208 0
    outer loop
      vertex 265.126 -214.727 52.55
      vertex 262 -215 -52.55
      vertex 265.126 -214.727 -52.55
    endloop
  endfacet
  facet normal 0.996208 -0.0870009 0
    outer loop
      vertex 279.727 -200.126 52.55
      vertex 280 -197 -52.55
      vertex 280 -197 52.55
    endloop
  endfacet
  facet normal 0.996208 -0.0870009 0
    outer loop
      vertex 280 -197 -52.55
      vertex 279.727 -200.126 52.55
      vertex 279.727 -200.126 -52.55
    endloop
  endfacet
  facet normal 0.965837 -0.25915 0
    outer loop
      vertex 278.914 -203.156 52.55
      vertex 279.727 -200.126 -52.55
      vertex 279.727 -200.126 52.55
    endloop
  endfacet
  facet normal 0.965837 -0.25915 0
    outer loop
      vertex 279.727 -200.126 -52.55
      vertex 278.914 -203.156 52.55
      vertex 278.914 -203.156 -52.55
    endloop
  endfacet
  facet normal -1 0 0
    outer loop
      vertex -235 -205 53
      vertex -235 -85 69
      vertex -235 -85 53
    endloop
  endfacet
  facet normal -1 -0 0
    outer loop
      vertex -235 -85 69
      vertex -235 -205 53
      vertex -235 -205 69
    endloop
  endfacet
  facet normal -0 0 1
    outer loop
      vertex -235 -85 69
      vertex 235 -205 69
      vertex 235 -85 69
    endloop
  endfacet
  facet normal 0 0 1
    outer loop
      vertex 235 -205 69
      vertex -235 -85 69
      vertex -235 -205 69
    endloop
  endfacet
  facet normal 1 -0 0
    outer loop
      vertex 235 -205 69
      vertex 235 -85 53
      vertex 235 -85 69
    endloop
  endfacet
  facet normal 1 0 0
    outer loop
      vertex 235 -85 53
      vertex 235 -205 69
      vertex 235 -205 53
    endloop
  endfacet
  facet normal 0 0 -1
    outer loop
      vertex -235 -205 53
      vertex 235 -85 53
      vertex 235 -205 53
    endloop
  endfacet
  facet normal -0 0 -1
    outer loop
      vertex 235 -85 53
      vertex -235 -205 53
      vertex -235 -85 53
    endloop
  endfacet
  facet normal 0 -1 0
    outer loop
      vertex -235 -205 53
      vertex 235 -205 69
      vertex -235 -205 69
    endloop
  endfacet
  facet normal 0 -1 -0
    outer loop
      vertex 235 -205 69
      vertex -235 -205 53
      vertex 235 -205 53
    endloop
  endfacet
  facet normal 0 1 -0
    outer loop
      vertex 235 -85 53
      vertex -235 -85 69
      vertex 235 -85 69
    endloop
  endfacet
  facet normal 0 1 0
    outer loop
      vertex -235 -85 69
      vertex 235 -85 53
      vertex -235 -85 53
    endloop
  endfacet
  facet normal 0.139161 0 -0.99027
    outer loop
      vertex -239.98 -120 102.904
      vertex -184.525 175 110.697
      vertex -184.525 -120 110.697
    endloop
  endfacet
  facet normal 0.139161 0 -0.99027
    outer loop
      vertex -184.525 175 110.697
      vertex -239.98 -120 102.904
      vertex -239.98 175 102.904
    endloop
  endfacet
  facet normal 0.987028 -0 0.160548
    outer loop
      vertex -243.942 -80 475.983
      vertex -199 -39 199.685
      vertex -243.942 140 475.983
    endloop
  endfacet
  facet normal 0.987028 4.75582e-06 0.160548
    outer loop
      vertex -184.525 -120 110.697
      vertex -199 -45 199.685
      vertex -243.942 -80 475.983
    endloop
  endfacet
  facet normal 0.987028 0 0.160548
    outer loop
      vertex -199 -39 199.685
      vertex -243.942 -80 475.983
      vertex -199 -45 199.685
    endloop
  endfacet
  facet normal 0.987028 -1.51038e-06 0.160549
    outer loop
      vertex -199 -39 199.685
      vertex -184.525 175 110.697
      vertex -243.942 140 475.983
    endloop
  endfacet
  facet normal 0.987031 -8.43149e-06 0.160532
    outer loop
      vertex -196.205 -39 182.5
      vertex -184.525 175 110.697
      vertex -199 -39 199.685
    endloop
  endfacet
  facet normal 0.987027 0 0.160557
    outer loop
      vertex -184.525 -120 110.697
      vertex -196.205 -39 182.5
      vertex -196.205 -45 182.5
    endloop
  endfacet
  facet normal 0.987027 0 0.160557
    outer loop
      vertex -196.205 -39 182.5
      vertex -184.525 -120 110.697
      vertex -184.525 175 110.697
    endloop
  endfacet
  facet normal 0.987031 2.40579e-05 0.160532
    outer loop
      vertex -199 -45 199.685
      vertex -184.525 -120 110.697
      vertex -196.205 -45 182.5
    endloop
  endfacet
  facet normal -0.0131054 0.995556 0.0932578
    outer loop
      vertex -239.98 175 102.904
      vertex -243.942 140 475.983
      vertex -184.525 175 110.697
    endloop
  endfacet
  facet normal -0.0149573 -0.994207 0.106436
    outer loop
      vertex -184.525 -120 110.697
      vertex -243.942 -80 475.983
      vertex -239.98 -120 102.904
    endloop
  endfacet
  facet normal -0.139177 0 0.990267
    outer loop
      vertex -283.552 140 470.416
      vertex -243.942 -80 475.983
      vertex -243.942 140 475.983
    endloop
  endfacet
  facet normal -0.139177 0 0.990267
    outer loop
      vertex -243.942 -80 475.983
      vertex -283.552 140 470.416
      vertex -283.552 -80 470.416
    endloop
  endfacet
  facet normal -0.0131069 0.995556 0.0932578
    outer loop
      vertex -239.98 175 102.904
      vertex -283.552 140 470.416
      vertex -243.942 140 475.983
    endloop
  endfacet
  facet normal -0.993045 0 -0.117735
    outer loop
      vertex -239.98 175 102.904
      vertex -283.552 -80 470.416
      vertex -283.552 140 470.416
    endloop
  endfacet
  facet normal -0.993045 0 -0.117735
    outer loop
      vertex -283.552 -80 470.416
      vertex -239.98 175 102.904
      vertex -239.98 -120 102.904
    endloop
  endfacet
  facet normal -0.0149591 -0.994207 0.106436
    outer loop
      vertex -243.942 -80 475.983
      vertex -283.552 -80 470.416
      vertex -239.98 -120 102.904
    endloop
  endfacet
  facet normal 0.0131054 0.995556 0.0932578
    outer loop
      vertex 239.98 175 102.904
      vertex 184.525 175 110.697
      vertex 243.942 140 475.983
    endloop
  endfacet
  facet normal -0.139161 0 -0.99027
    outer loop
      vertex 184.525 -120 110.697
      vertex 239.98 175 102.904
      vertex 239.98 -120 102.904
    endloop
  endfacet
  facet normal -0.139161 0 -0.99027
    outer loop
      vertex 239.98 175 102.904
      vertex 184.525 -120 110.697
      vertex 184.525 175 110.697
    endloop
  endfacet
  facet normal 0.993045 0 -0.117735
    outer loop
      vertex 283.552 -80 470.416
      vertex 239.98 175 102.904
      vertex 283.552 140 470.416
    endloop
  endfacet
  facet normal 0.993045 0 -0.117735
    outer loop
      vertex 239.98 175 102.904
      vertex 283.552 -80 470.416
      vertex 239.98 -120 102.904
    endloop
  endfacet
  facet normal 0.0131069 0.995556 0.0932578
    outer loop
      vertex 283.552 140 470.416
      vertex 239.98 175 102.904
      vertex 243.942 140 475.983
    endloop
  endfacet
  facet normal 0.0149591 -0.994207 0.106436
    outer loop
      vertex 243.942 -80 475.983
      vertex 239.98 -120 102.904
      vertex 283.552 -80 470.416
    endloop
  endfacet
  facet normal 0.139177 0 0.990267
    outer loop
      vertex 243.942 140 475.983
      vertex 283.552 -80 470.416
      vertex 283.552 140 470.416
    endloop
  endfacet
  facet normal 0.139177 0 0.990267
    outer loop
      vertex 283.552 -80 470.416
      vertex 243.942 140 475.983
      vertex 243.942 -80 475.983
    endloop
  endfacet
  facet normal -0.987031 -8.43149e-06 0.160532
    outer loop
      vertex 199 -39 199.685
      vertex 184.525 175 110.697
      vertex 196.205 -39 182.5
    endloop
  endfacet
  facet normal -0.987027 0 0.160557
    outer loop
      vertex 184.525 -120 110.697
      vertex 196.205 -39 182.5
      vertex 184.525 175 110.697
    endloop
  endfacet
  facet normal -0.987031 2.40579e-05 0.160532
    outer loop
      vertex 184.525 -120 110.697
      vertex 199 -45 199.685
      vertex 196.205 -45 182.5
    endloop
  endfacet
  facet normal -0.987028 4.75582e-06 0.160548
    outer loop
      vertex 199 -45 199.685
      vertex 184.525 -120 110.697
      vertex 243.942 -80 475.983
    endloop
  endfacet
  facet normal -0.987027 0 0.160557
    outer loop
      vertex 196.205 -39 182.5
      vertex 184.525 -120 110.697
      vertex 196.205 -45 182.5
    endloop
  endfacet
  facet normal -0.987028 -1.51038e-06 0.160549
    outer loop
      vertex 184.525 175 110.697
      vertex 199 -39 199.685
      vertex 243.942 140 475.983
    endloop
  endfacet
  facet normal -0.987028 0 0.160548
    outer loop
      vertex 243.942 -80 475.983
      vertex 199 -39 199.685
      vertex 199 -45 199.685
    endloop
  endfacet
  facet normal -0.987028 0 0.160548
    outer loop
      vertex 199 -39 199.685
      vertex 243.942 -80 475.983
      vertex 243.942 140 475.983
    endloop
  endfacet
  facet normal 0.0149573 -0.994207 0.106436
    outer loop
      vertex 243.942 -80 475.983
      vertex 184.525 -120 110.697
      vertex 239.98 -120 102.904
    endloop
  endfacet
  facet normal -1 0 0
    outer loop
      vertex -185 137 122.5
      vertex -185 175 477.5
      vertex -185 175 122.5
    endloop
  endfacet
  facet normal -1 -0 0
    outer loop
      vertex -185 175 477.5
      vertex -185 137 122.5
      vertex -185 137 477.5
    endloop
  endfacet
  facet normal -0 0 1
    outer loop
      vertex -185 175 477.5
      vertex 185 137 477.5
      vertex 185 175 477.5
    endloop
  endfacet
  facet normal 0 0 1
    outer loop
      vertex 185 137 477.5
      vertex -185 175 477.5
      vertex -185 137 477.5
    endloop
  endfacet
  facet normal 1 -0 0
    outer loop
      vertex 185 137 477.5
      vertex 185 175 122.5
      vertex 185 175 477.5
    endloop
  endfacet
  facet normal 1 0 0
    outer loop
      vertex 185 175 122.5
      vertex 185 137 477.5
      vertex 185 137 122.5
    endloop
  endfacet
  facet normal 0 1 -0
    outer loop
      vertex 185 175 122.5
      vertex -185 175 477.5
      vertex 185 175 477.5
    endloop
  endfacet
  facet normal 0 1 0
    outer loop
      vertex -185 175 477.5
      vertex 185 175 122.5
      vertex -185 175 122.5
    endloop
  endfacet
  facet normal 0 0 -1
    outer loop
      vertex -185 137 122.5
      vertex 185 175 122.5
      vertex 185 137 122.5
    endloop
  endfacet
  facet normal -0 0 -1
    outer loop
      vertex 185 175 122.5
      vertex -185 137 122.5
      vertex -185 175 122.5
    endloop
  endfacet
  facet normal 0 -1 0
    outer loop
      vertex -22 137 426
      vertex -18 137 438
      vertex -22 137 438
    endloop
  endfacet
  facet normal 0 -1 -0
    outer loop
      vertex -18 137 438
      vertex -22 137 426
      vertex -18 137 426
    endloop
  endfacet
  facet normal 0 -1 0
    outer loop
      vertex -42 137 426
      vertex -38 137 438
      vertex -42 137 438
    endloop
  endfacet
  facet normal 0 -1 -0
    outer loop
      vertex -38 137 438
      vertex -42 137 426
      vertex -38 137 426
    endloop
  endfacet
  facet normal 0 -1 0
    outer loop
      vertex -62 137 426
      vertex -58 137 438
      vertex -62 137 438
    endloop
  endfacet
  facet normal 0 -1 -0
    outer loop
      vertex -58 137 438
      vertex -62 137 426
      vertex -58 137 426
    endloop
  endfacet
  facet normal 0 -1 0
    outer loop
      vertex -82 137 426
      vertex -78 137 438
      vertex -82 137 438
    endloop
  endfacet
  facet normal 0 -1 -0
    outer loop
      vertex -78 137 438
      vertex -82 137 426
      vertex -78 137 426
    endloop
  endfacet
  facet normal 0 -1 0
    outer loop
      vertex -102 137 426
      vertex -98 137 438
      vertex -102 137 438
    endloop
  endfacet
  facet normal 0 -1 -0
    outer loop
      vertex -98 137 438
      vertex -102 137 426
      vertex -98 137 426
    endloop
  endfacet
  facet normal 0 -1 0
    outer loop
      vertex -122 137 426
      vertex -118 137 438
      vertex -122 137 438
    endloop
  endfacet
  facet normal 0 -1 -0
    outer loop
      vertex -118 137 438
      vertex -122 137 426
      vertex -118 137 426
    endloop
  endfacet
  facet normal 0 -1 0
    outer loop
      vertex -122 137 438
      vertex -185 137 477.5
      vertex -138 137 438
    endloop
  endfacet
  facet normal 0 -1 0
    outer loop
      vertex -185 137 477.5
      vertex -138 137 426
      vertex -138 137 438
    endloop
  endfacet
  facet normal 0 -1 0
    outer loop
      vertex -185 137 122.5
      vertex -122 137 426
      vertex -138 137 426
    endloop
  endfacet
  facet normal 0 -1 -0
    outer loop
      vertex -122 137 426
      vertex -185 137 122.5
      vertex -118 137 426
    endloop
  endfacet
  facet normal 0 -1 -0
    outer loop
      vertex -118 137 426
      vertex -185 137 122.5
      vertex -102 137 426
    endloop
  endfacet
  facet normal 0 -1 -0
    outer loop
      vertex -102 137 426
      vertex -185 137 122.5
      vertex -98 137 426
    endloop
  endfacet
  facet normal 0 -1 -0
    outer loop
      vertex -98 137 426
      vertex -185 137 122.5
      vertex -82 137 426
    endloop
  endfacet
  facet normal 0 -1 -0
    outer loop
      vertex -82 137 426
      vertex -185 137 122.5
      vertex -78 137 426
    endloop
  endfacet
  facet normal 0 -1 -0
    outer loop
      vertex -78 137 426
      vertex -185 137 122.5
      vertex -62 137 426
    endloop
  endfacet
  facet normal 0 -1 -0
    outer loop
      vertex -62 137 426
      vertex -185 137 122.5
      vertex -58 137 426
    endloop
  endfacet
  facet normal 0 -1 -0
    outer loop
      vertex -58 137 426
      vertex -185 137 122.5
      vertex -42 137 426
    endloop
  endfacet
  facet normal 0 -1 -0
    outer loop
      vertex -42 137 426
      vertex -185 137 122.5
      vertex -38 137 426
    endloop
  endfacet
  facet normal 0 -1 -0
    outer loop
      vertex -38 137 426
      vertex -185 137 122.5
      vertex -22 137 426
    endloop
  endfacet
  facet normal 0 -1 -0
    outer loop
      vertex -22 137 426
      vertex -185 137 122.5
      vertex -18 137 426
    endloop
  endfacet
  facet normal 0 -1 -0
    outer loop
      vertex -18 137 426
      vertex -185 137 122.5
      vertex -2 137 426
    endloop
  endfacet
  facet normal 0 -1 0
    outer loop
      vertex -185 137 122.5
      vertex -138 137 426
      vertex -185 137 477.5
    endloop
  endfacet
  facet normal 0 -1 0
    outer loop
      vertex -118 137 438
      vertex -185 137 477.5
      vertex -122 137 438
    endloop
  endfacet
  facet normal 0 -1 0
    outer loop
      vertex -102 137 438
      vertex -185 137 477.5
      vertex -118 137 438
    endloop
  endfacet
  facet normal 0 -1 0
    outer loop
      vertex -98 137 438
      vertex -185 137 477.5
      vertex -102 137 438
    endloop
  endfacet
  facet normal 0 -1 0
    outer loop
      vertex -82 137 438
      vertex -185 137 477.5
      vertex -98 137 438
    endloop
  endfacet
  facet normal 0 -1 0
    outer loop
      vertex -78 137 438
      vertex -185 137 477.5
      vertex -82 137 438
    endloop
  endfacet
  facet normal 0 -1 0
    outer loop
      vertex -62 137 438
      vertex -185 137 477.5
      vertex -78 137 438
    endloop
  endfacet
  facet normal 0 -1 0
    outer loop
      vertex -58 137 438
      vertex -185 137 477.5
      vertex -62 137 438
    endloop
  endfacet
  facet normal 0 -1 0
    outer loop
      vertex -42 137 438
      vertex -185 137 477.5
      vertex -58 137 438
    endloop
  endfacet
  facet normal 0 -1 0
    outer loop
      vertex -38 137 438
      vertex -185 137 477.5
      vertex -42 137 438
    endloop
  endfacet
  facet normal 0 -1 0
    outer loop
      vertex -22 137 438
      vertex -185 137 477.5
      vertex -38 137 438
    endloop
  endfacet
  facet normal 0 -1 0
    outer loop
      vertex -18 137 438
      vertex -185 137 477.5
      vertex -22 137 438
    endloop
  endfacet
  facet normal 0 -1 0
    outer loop
      vertex -2 137 438
      vertex -185 137 477.5
      vertex -18 137 438
    endloop
  endfacet
  facet normal 0 -1 0
    outer loop
      vertex -185 137 477.5
      vertex -2 137 438
      vertex 185 137 477.5
    endloop
  endfacet
  facet normal 0 -1 0
    outer loop
      vertex -2 137 426
      vertex 185 137 477.5
      vertex -2 137 438
    endloop
  endfacet
  facet normal 0 -1 0
    outer loop
      vertex 185 137 122.5
      vertex -2 137 426
      vertex -185 137 122.5
    endloop
  endfacet
  facet normal 0 -1 0
    outer loop
      vertex -2 137 426
      vertex 185 137 122.5
      vertex 185 137 477.5
    endloop
  endfacet
  facet normal -1 0 0
    outer loop
      vertex -150 110 399
      vertex -150 126 411
      vertex -150 126 399
    endloop
  endfacet
  facet normal -1 -0 0
    outer loop
      vertex -150 126 411
      vertex -150 110 399
      vertex -150 110 411
    endloop
  endfacet
  facet normal -0 0 1
    outer loop
      vertex -150 126 411
      vertex 150 110 411
      vertex 150 126 411
    endloop
  endfacet
  facet normal 0 0 1
    outer loop
      vertex 150 110 411
      vertex -150 126 411
      vertex -150 110 411
    endloop
  endfacet
  facet normal 1 -0 0
    outer loop
      vertex 150 110 411
      vertex 150 126 399
      vertex 150 126 411
    endloop
  endfacet
  facet normal 1 0 0
    outer loop
      vertex 150 126 399
      vertex 150 110 411
      vertex 150 110 399
    endloop
  endfacet
  facet normal 0 1 -0
    outer loop
      vertex 150 126 399
      vertex -150 126 411
      vertex 150 126 411
    endloop
  endfacet
  facet normal 0 1 0
    outer loop
      vertex -150 126 411
      vertex 150 126 399
      vertex -150 126 399
    endloop
  endfacet
  facet normal 0 0 -1
    outer loop
      vertex -150 110 399
      vertex 150 126 399
      vertex 150 110 399
    endloop
  endfacet
  facet normal -0 0 -1
    outer loop
      vertex 150 126 399
      vertex -150 110 399
      vertex -150 126 399
    endloop
  endfacet
  facet normal 0 -1 0
    outer loop
      vertex -150 110 399
      vertex 150 110 411
      vertex -150 110 411
    endloop
  endfacet
  facet normal 0 -1 -0
    outer loop
      vertex 150 110 411
      vertex -150 110 399
      vertex 150 110 399
    endloop
  endfacet
  facet normal -1 0 0
    outer loop
      vertex -150 80 399
      vertex -150 96 411
      vertex -150 96 399
    endloop
  endfacet
  facet normal -1 -0 0
    outer loop
      vertex -150 96 411
      vertex -150 80 399
      vertex -150 80 411
    endloop
  endfacet
  facet normal -0 0 1
    outer loop
      vertex -150 96 411
      vertex 150 80 411
      vertex 150 96 411
    endloop
  endfacet
  facet normal 0 0 1
    outer loop
      vertex 150 80 411
      vertex -150 96 411
      vertex -150 80 411
    endloop
  endfacet
  facet normal 1 -0 0
    outer loop
      vertex 150 80 411
      vertex 150 96 399
      vertex 150 96 411
    endloop
  endfacet
  facet normal 1 0 0
    outer loop
      vertex 150 96 399
      vertex 150 80 411
      vertex 150 80 399
    endloop
  endfacet
  facet normal 0 0 -1
    outer loop
      vertex -150 80 399
      vertex 150 96 399
      vertex 150 80 399
    endloop
  endfacet
  facet normal -0 0 -1
    outer loop
      vertex 150 96 399
      vertex -150 80 399
      vertex -150 96 399
    endloop
  endfacet
  facet normal 0 -1 0
    outer loop
      vertex -150 80 399
      vertex 150 80 411
      vertex -150 80 411
    endloop
  endfacet
  facet normal 0 -1 -0
    outer loop
      vertex 150 80 411
      vertex -150 80 399
      vertex 150 80 399
    endloop
  endfacet
  facet normal 0 1 -0
    outer loop
      vertex 150 96 399
      vertex -150 96 411
      vertex 150 96 411
    endloop
  endfacet
  facet normal 0 1 0
    outer loop
      vertex -150 96 411
      vertex 150 96 399
      vertex -150 96 399
    endloop
  endfacet
  facet normal -1 0 0
    outer loop
      vertex -36 71 346
      vertex -36 133 374
      vertex -36 133 346
    endloop
  endfacet
  facet normal -1 -0 0
    outer loop
      vertex -36 133 374
      vertex -36 71 346
      vertex -36 71 374
    endloop
  endfacet
  facet normal -0 0 1
    outer loop
      vertex -36 133 374
      vertex 36 71 374
      vertex 36 133 374
    endloop
  endfacet
  facet normal 0 0 1
    outer loop
      vertex 36 71 374
      vertex -36 133 374
      vertex -36 71 374
    endloop
  endfacet
  facet normal 1 -0 0
    outer loop
      vertex 36 71 374
      vertex 36 133 346
      vertex 36 133 374
    endloop
  endfacet
  facet normal 1 0 0
    outer loop
      vertex 36 133 346
      vertex 36 71 374
      vertex 36 71 346
    endloop
  endfacet
  facet normal 0 1 -0
    outer loop
      vertex 36 133 346
      vertex -36 133 374
      vertex 36 133 374
    endloop
  endfacet
  facet normal 0 1 0
    outer loop
      vertex -36 133 374
      vertex 36 133 346
      vertex -36 133 346
    endloop
  endfacet
  facet normal 0 0 -1
    outer loop
      vertex -28 71 346
      vertex -36 71 346
      vertex -28 120 346
    endloop
  endfacet
  facet normal 0 0 -1
    outer loop
      vertex 28 120 346
      vertex 36 71 346
      vertex 28 71 346
    endloop
  endfacet
  facet normal 0 0 -1
    outer loop
      vertex 36 71 346
      vertex 28 120 346
      vertex 36 133 346
    endloop
  endfacet
  facet normal 0 0 -1
    outer loop
      vertex -28 120 346
      vertex 36 133 346
      vertex 28 120 346
    endloop
  endfacet
  facet normal 0 0 -1
    outer loop
      vertex -28 120 346
      vertex -36 133 346
      vertex 36 133 346
    endloop
  endfacet
  facet normal 0 0 -1
    outer loop
      vertex -36 133 346
      vertex -28 120 346
      vertex -36 71 346
    endloop
  endfacet
  facet normal 0 -1 0
    outer loop
      vertex -36 71 374
      vertex -28 71 359
      vertex 36 71 374
    endloop
  endfacet
  facet normal 0 -1 0
    outer loop
      vertex -36 71 346
      vertex -28 71 359
      vertex -36 71 374
    endloop
  endfacet
  facet normal 0 -1 -0
    outer loop
      vertex -28 71 359
      vertex -36 71 346
      vertex -28 71 346
    endloop
  endfacet
  facet normal 0 -1 0
    outer loop
      vertex 28 71 359
      vertex 36 71 374
      vertex -28 71 359
    endloop
  endfacet
  facet normal 0 -1 0
    outer loop
      vertex 36 71 346
      vertex 28 71 359
      vertex 28 71 346
    endloop
  endfacet
  facet normal 0 -1 0
    outer loop
      vertex 28 71 359
      vertex 36 71 346
      vertex 36 71 374
    endloop
  endfacet
  facet normal -1 0 0
    outer loop
      vertex -28 120 241
      vertex -28 71 346
      vertex -28 120 346
    endloop
  endfacet
  facet normal -1 0 0
    outer loop
      vertex -28 64 241
      vertex -28 71 346
      vertex -28 120 241
    endloop
  endfacet
  facet normal -1 0 0
    outer loop
      vertex -28 64 359
      vertex -28 71 346
      vertex -28 64 241
    endloop
  endfacet
  facet normal -1 0 0
    outer loop
      vertex -28 71 346
      vertex -28 64 359
      vertex -28 71 359
    endloop
  endfacet
  facet normal -0 0 1
    outer loop
      vertex -28 71 359
      vertex 28 64 359
      vertex 28 71 359
    endloop
  endfacet
  facet normal 0 0 1
    outer loop
      vertex 28 64 359
      vertex -28 71 359
      vertex -28 64 359
    endloop
  endfacet
  facet normal 1 0 0
    outer loop
      vertex 28 71 359
      vertex 28 64 359
      vertex 28 71 346
    endloop
  endfacet
  facet normal 1 -0 0
    outer loop
      vertex 28 71 346
      vertex 28 120 241
      vertex 28 120 346
    endloop
  endfacet
  facet normal 1 0 0
    outer loop
      vertex 28 64 241
      vertex 28 71 346
      vertex 28 64 359
    endloop
  endfacet
  facet normal 1 0 0
    outer loop
      vertex 28 71 346
      vertex 28 64 241
      vertex 28 120 241
    endloop
  endfacet
  facet normal 0 1 -0
    outer loop
      vertex 28 120 241
      vertex -28 120 346
      vertex 28 120 346
    endloop
  endfacet
  facet normal 0 1 0
    outer loop
      vertex -28 120 346
      vertex 28 120 241
      vertex -28 120 241
    endloop
  endfacet
  facet normal 0 0 -1
    outer loop
      vertex 28 64 241
      vertex 22.5 69.5 241
      vertex 28 120 241
    endloop
  endfacet
  facet normal 0 0 -1
    outer loop
      vertex 28 64 241
      vertex -22.5 69.5 241
      vertex 22.5 69.5 241
    endloop
  endfacet
  facet normal -0 0 -1
    outer loop
      vertex -22.5 69.5 241
      vertex -28 64 241
      vertex -22.5 114.5 241
    endloop
  endfacet
  facet normal 0 0 -1
    outer loop
      vertex -28 64 241
      vertex -22.5 69.5 241
      vertex 28 64 241
    endloop
  endfacet
  facet normal 0 0 -1
    outer loop
      vertex 22.5 114.5 241
      vertex 28 120 241
      vertex 22.5 69.5 241
    endloop
  endfacet
  facet normal 0 0 -1
    outer loop
      vertex -22.5 114.5 241
      vertex 28 120 241
      vertex 22.5 114.5 241
    endloop
  endfacet
  facet normal 0 0 -1
    outer loop
      vertex -22.5 114.5 241
      vertex -28 120 241
      vertex 28 120 241
    endloop
  endfacet
  facet normal 0 0 -1
    outer loop
      vertex -28 120 241
      vertex -22.5 114.5 241
      vertex -28 64 241
    endloop
  endfacet
  facet normal 0 -1 0
    outer loop
      vertex -28 64 241
      vertex 28 64 359
      vertex -28 64 359
    endloop
  endfacet
  facet normal 0 -1 -0
    outer loop
      vertex 28 64 359
      vertex -28 64 241
      vertex 28 64 241
    endloop
  endfacet
  facet normal -1 0 0
    outer loop
      vertex -22.5 69.5 227
      vertex -22.5 114.5 241
      vertex -22.5 114.5 227
    endloop
  endfacet
  facet normal -1 -0 0
    outer loop
      vertex -22.5 114.5 241
      vertex -22.5 69.5 227
      vertex -22.5 69.5 241
    endloop
  endfacet
  facet normal 1 -0 0
    outer loop
      vertex 22.5 69.5 241
      vertex 22.5 114.5 227
      vertex 22.5 114.5 241
    endloop
  endfacet
  facet normal 1 0 0
    outer loop
      vertex 22.5 114.5 227
      vertex 22.5 69.5 241
      vertex 22.5 69.5 227
    endloop
  endfacet
  facet normal 0 1 -0
    outer loop
      vertex 22.5 114.5 227
      vertex -22.5 114.5 241
      vertex 22.5 114.5 241
    endloop
  endfacet
  facet normal 0 1 0
    outer loop
      vertex -22.5 114.5 241
      vertex 22.5 114.5 227
      vertex -22.5 114.5 227
    endloop
  endfacet
  facet normal 0 0 -1
    outer loop
      vertex -22.5 69.5 227
      vertex 22.5 114.5 227
      vertex 22.5 69.5 227
    endloop
  endfacet
  facet normal -0 0 -1
    outer loop
      vertex 22.5 114.5 227
      vertex -22.5 69.5 227
      vertex -22.5 114.5 227
    endloop
  endfacet
  facet normal 0 -1 0
    outer loop
      vertex -22.5 69.5 227
      vertex 22.5 69.5 241
      vertex -22.5 69.5 241
    endloop
  endfacet
  facet normal 0 -1 -0
    outer loop
      vertex 22.5 69.5 241
      vertex -22.5 69.5 227
      vertex 22.5 69.5 227
    endloop
  endfacet
  facet normal -1 0 0
    outer loop
      vertex -19 73 185
      vertex -19 111 225
      vertex -19 111 185
    endloop
  endfacet
  facet normal -1 -0 0
    outer loop
      vertex -19 111 225
      vertex -19 73 185
      vertex -19 73 225
    endloop
  endfacet
  facet normal -0 0 1
    outer loop
      vertex -19 111 225
      vertex 19 73 225
      vertex 19 111 225
    endloop
  endfacet
  facet normal 0 0 1
    outer loop
      vertex 19 73 225
      vertex -19 111 225
      vertex -19 73 225
    endloop
  endfacet
  facet normal 1 -0 0
    outer loop
      vertex 19 73 225
      vertex 19 111 185
      vertex 19 111 225
    endloop
  endfacet
  facet normal 1 0 0
    outer loop
      vertex 19 111 185
      vertex 19 73 225
      vertex 19 73 185
    endloop
  endfacet
  facet normal 0 0 -1
    outer loop
      vertex -19 73 185
      vertex 19 111 185
      vertex 19 73 185
    endloop
  endfacet
  facet normal -0 0 -1
    outer loop
      vertex 19 111 185
      vertex -19 73 185
      vertex -19 111 185
    endloop
  endfacet
  facet normal 0 -1 0
    outer loop
      vertex -19 73 185
      vertex 19 73 225
      vertex -19 73 225
    endloop
  endfacet
  facet normal 0 -1 -0
    outer loop
      vertex 19 73 225
      vertex -19 73 185
      vertex 19 73 185
    endloop
  endfacet
  facet normal 0 1 -0
    outer loop
      vertex 19 111 185
      vertex -19 111 225
      vertex 19 111 225
    endloop
  endfacet
  facet normal 0 1 0
    outer loop
      vertex -19 111 225
      vertex 19 111 185
      vertex -19 111 185
    endloop
  endfacet
  facet normal -1 0 0
    outer loop
      vertex -41 -127 136
      vertex -41 -57 166
      vertex -41 -57 136
    endloop
  endfacet
  facet normal -1 -0 0
    outer loop
      vertex -41 -57 166
      vertex -41 -127 136
      vertex -41 -127 166
    endloop
  endfacet
  facet normal 0 0 1
    outer loop
      vertex -24 -57 166
      vertex -41 -57 166
      vertex -24 -68 166
    endloop
  endfacet
  facet normal 0 0 1
    outer loop
      vertex 24 -68 166
      vertex 41 -57 166
      vertex 24 -57 166
    endloop
  endfacet
  facet normal 0 0 1
    outer loop
      vertex 41 -57 166
      vertex 24 -68 166
      vertex 41 -127 166
    endloop
  endfacet
  facet normal -0 0 1
    outer loop
      vertex -24 -68 166
      vertex 41 -127 166
      vertex 24 -68 166
    endloop
  endfacet
  facet normal 0 0 1
    outer loop
      vertex -41 -127 166
      vertex -24 -68 166
      vertex -41 -57 166
    endloop
  endfacet
  facet normal 0 0 1
    outer loop
      vertex -24 -68 166
      vertex -41 -127 166
      vertex 41 -127 166
    endloop
  endfacet
  facet normal 1 -0 0
    outer loop
      vertex 41 -127 166
      vertex 41 -57 136
      vertex 41 -57 166
    endloop
  endfacet
  facet normal 1 0 0
    outer loop
      vertex 41 -57 136
      vertex 41 -127 166
      vertex 41 -127 136
    endloop
  endfacet
  facet normal 0 0 -1
    outer loop
      vertex 41 -127 136
      vertex 24 -57 136
      vertex 41 -57 136
    endloop
  endfacet
  facet normal 0 0 -1
    outer loop
      vertex 24 -57 136
      vertex -24 -57 136
      vertex 24 -44 136
    endloop
  endfacet
  facet normal 0 0 -1
    outer loop
      vertex 41 -127 136
      vertex -24 -57 136
      vertex 24 -57 136
    endloop
  endfacet
  facet normal 0 0 -1
    outer loop
      vertex -41 -127 136
      vertex -24 -57 136
      vertex 41 -127 136
    endloop
  endfacet
  facet normal -0 0 -1
    outer loop
      vertex -24 -57 136
      vertex -41 -127 136
      vertex -41 -57 136
    endloop
  endfacet
  facet normal -0 0 -1
    outer loop
      vertex 24 -44 136
      vertex -24 -57 136
      vertex -24 -44 136
    endloop
  endfacet
  facet normal 0 -1 0
    outer loop
      vertex -41 -127 136
      vertex 41 -127 166
      vertex -41 -127 166
    endloop
  endfacet
  facet normal 0 -1 -0
    outer loop
      vertex 41 -127 166
      vertex -41 -127 136
      vertex 41 -127 136
    endloop
  endfacet
  facet normal 0 1 -0
    outer loop
      vertex 41 -57 136
      vertex 24 -57 166
      vertex 41 -57 166
    endloop
  endfacet
  facet normal 0 1 0
    outer loop
      vertex 24 -57 166
      vertex 41 -57 136
      vertex 24 -57 136
    endloop
  endfacet
  facet normal 0 1 -0
    outer loop
      vertex -24 -57 136
      vertex -41 -57 166
      vertex -24 -57 166
    endloop
  endfacet
  facet normal 0 1 0
    outer loop
      vertex -41 -57 166
      vertex -24 -57 136
      vertex -41 -57 136
    endloop
  endfacet
  facet normal -1 0 0
    outer loop
      vertex -24 -57 166
      vertex -24 -44 136
      vertex -24 -57 136
    endloop
  endfacet
  facet normal -1 0 0
    outer loop
      vertex -24 -44 136
      vertex -24 -57 166
      vertex -24 -44 168
    endloop
  endfacet
  facet normal -1 0 0
    outer loop
      vertex -24 -68 168
      vertex -24 -57 166
      vertex -24 -68 166
    endloop
  endfacet
  facet normal -1 0 0
    outer loop
      vertex -24 -57 166
      vertex -24 -68 168
      vertex -24 -44 168
    endloop
  endfacet
  facet normal -0 0 1
    outer loop
      vertex -24 -44 168
      vertex 24 -68 168
      vertex 24 -44 168
    endloop
  endfacet
  facet normal 0 0 1
    outer loop
      vertex 24 -68 168
      vertex -24 -44 168
      vertex -24 -68 168
    endloop
  endfacet
  facet normal 1 0 0
    outer loop
      vertex 24 -44 168
      vertex 24 -57 166
      vertex 24 -44 136
    endloop
  endfacet
  facet normal 1 -0 0
    outer loop
      vertex 24 -68 168
      vertex 24 -57 166
      vertex 24 -44 168
    endloop
  endfacet
  facet normal 1 0 0
    outer loop
      vertex 24 -57 166
      vertex 24 -68 168
      vertex 24 -68 166
    endloop
  endfacet
  facet normal 1 0 0
    outer loop
      vertex 24 -44 136
      vertex 24 -57 166
      vertex 24 -57 136
    endloop
  endfacet
  facet normal 0 1 -0
    outer loop
      vertex 24 -44 136
      vertex -24 -44 168
      vertex 24 -44 168
    endloop
  endfacet
  facet normal 0 1 0
    outer loop
      vertex -24 -44 168
      vertex 24 -44 136
      vertex -24 -44 136
    endloop
  endfacet
  facet normal 0 -1 0
    outer loop
      vertex -24 -68 166
      vertex 24 -68 168
      vertex -24 -68 168
    endloop
  endfacet
  facet normal 0 -1 -0
    outer loop
      vertex 24 -68 168
      vertex -24 -68 166
      vertex 24 -68 166
    endloop
  endfacet
  facet normal -1 0 0
    outer loop
      vertex -195 -215 118
      vertex -195 -133 148
      vertex -195 -133 118
    endloop
  endfacet
  facet normal -1 -0 0
    outer loop
      vertex -195 -133 148
      vertex -195 -215 118
      vertex -195 -215 148
    endloop
  endfacet
  facet normal 0 0 1
    outer loop
      vertex 145 -147 148
      vertex 195 -133 148
      vertex 145 -137 148
    endloop
  endfacet
  facet normal 0 0 1
    outer loop
      vertex 195 -133 148
      vertex 141 -137 148
      vertex 145 -137 148
    endloop
  endfacet
  facet normal 0 0 1
    outer loop
      vertex 119 -147 148
      vertex 141 -147 148
      vertex 141 -137 148
    endloop
  endfacet
  facet normal 0 0 1
    outer loop
      vertex 119 -147 148
      vertex 141 -137 148
      vertex 119 -137 148
    endloop
  endfacet
  facet normal 0 0 1
    outer loop
      vertex 195 -133 148
      vertex 119 -137 148
      vertex 141 -137 148
    endloop
  endfacet
  facet normal 0 0 1
    outer loop
      vertex 195 -133 148
      vertex 115 -137 148
      vertex 119 -137 148
    endloop
  endfacet
  facet normal 0 0 1
    outer loop
      vertex 115 -137 148
      vertex 93 -137 148
      vertex 115 -147 148
    endloop
  endfacet
  facet normal 0 0 1
    outer loop
      vertex 195 -133 148
      vertex 93 -137 148
      vertex 115 -137 148
    endloop
  endfacet
  facet normal 0 0 1
    outer loop
      vertex 195 -133 148
      vertex 89 -137 148
      vertex 93 -137 148
    endloop
  endfacet
  facet normal 0 0 1
    outer loop
      vertex 89 -137 148
      vertex 67 -137 148
      vertex 89 -147 148
    endloop
  endfacet
  facet normal 0 0 1
    outer loop
      vertex 195 -133 148
      vertex 67 -137 148
      vertex 89 -137 148
    endloop
  endfacet
  facet normal 0 0 1
    outer loop
      vertex 195 -133 148
      vertex 63 -137 148
      vertex 67 -137 148
    endloop
  endfacet
  facet normal 0 0 1
    outer loop
      vertex 63 -137 148
      vertex 41 -137 148
      vertex 63 -147 148
    endloop
  endfacet
  facet normal 0 0 1
    outer loop
      vertex 195 -133 148
      vertex 41 -137 148
      vertex 63 -137 148
    endloop
  endfacet
  facet normal 0 0 1
    outer loop
      vertex 195 -133 148
      vertex 37 -137 148
      vertex 41 -137 148
    endloop
  endfacet
  facet normal 0 0 1
    outer loop
      vertex 37 -137 148
      vertex 15 -137 148
      vertex 37 -147 148
    endloop
  endfacet
  facet normal 0 0 1
    outer loop
      vertex 195 -133 148
      vertex 15 -137 148
      vertex 37 -137 148
    endloop
  endfacet
  facet normal 0 0 1
    outer loop
      vertex 195 -133 148
      vertex 11 -137 148
      vertex 15 -137 148
    endloop
  endfacet
  facet normal 0 0 1
    outer loop
      vertex 11 -137 148
      vertex -11 -137 148
      vertex 11 -147 148
    endloop
  endfacet
  facet normal 0 0 1
    outer loop
      vertex 195 -133 148
      vertex -11 -137 148
      vertex 11 -137 148
    endloop
  endfacet
  facet normal 0 0 1
    outer loop
      vertex 195 -133 148
      vertex -15 -137 148
      vertex -11 -137 148
    endloop
  endfacet
  facet normal 0 0 1
    outer loop
      vertex -15 -137 148
      vertex -37 -137 148
      vertex -15 -147 148
    endloop
  endfacet
  facet normal 0 0 1
    outer loop
      vertex 195 -133 148
      vertex -37 -137 148
      vertex -15 -137 148
    endloop
  endfacet
  facet normal 0 0 1
    outer loop
      vertex 195 -133 148
      vertex -41 -137 148
      vertex -37 -137 148
    endloop
  endfacet
  facet normal 0 0 1
    outer loop
      vertex -41 -137 148
      vertex -63 -137 148
      vertex -41 -147 148
    endloop
  endfacet
  facet normal -0 0 1
    outer loop
      vertex -195 -133 148
      vertex -41 -137 148
      vertex 195 -133 148
    endloop
  endfacet
  facet normal 0 0 1
    outer loop
      vertex -41 -137 148
      vertex -195 -133 148
      vertex -63 -137 148
    endloop
  endfacet
  facet normal 0 0 1
    outer loop
      vertex -67 -137 148
      vertex -89 -137 148
      vertex -67 -147 148
    endloop
  endfacet
  facet normal 0 0 1
    outer loop
      vertex -63 -137 148
      vertex -195 -133 148
      vertex -67 -137 148
    endloop
  endfacet
  facet normal 0 0 1
    outer loop
      vertex -67 -137 148
      vertex -195 -133 148
      vertex -89 -137 148
    endloop
  endfacet
  facet normal 0 0 1
    outer loop
      vertex -93 -137 148
      vertex -115 -137 148
      vertex -93 -147 148
    endloop
  endfacet
  facet normal 0 0 1
    outer loop
      vertex -89 -137 148
      vertex -195 -133 148
      vertex -93 -137 148
    endloop
  endfacet
  facet normal 0 0 1
    outer loop
      vertex -93 -137 148
      vertex -195 -133 148
      vertex -115 -137 148
    endloop
  endfacet
  facet normal 0 0 1
    outer loop
      vertex -141 -147 148
      vertex -119 -147 148
      vertex -119 -137 148
    endloop
  endfacet
  facet normal 0 0 1
    outer loop
      vertex -119 -147 148
      vertex -141 -147 148
      vertex -125 -180.662 148
    endloop
  endfacet
  facet normal 0 0 1
    outer loop
      vertex -141 -147 148
      vertex -119 -137 148
      vertex -141 -137 148
    endloop
  endfacet
  facet normal 0 0 1
    outer loop
      vertex -115 -137 148
      vertex -195 -133 148
      vertex -119 -137 148
    endloop
  endfacet
  facet normal 0 0 1
    outer loop
      vertex -119 -137 148
      vertex -195 -133 148
      vertex -141 -137 148
    endloop
  endfacet
  facet normal 0 0 1
    outer loop
      vertex -145 -137 148
      vertex -195 -133 148
      vertex -145 -147 148
    endloop
  endfacet
  facet normal 0 0 1
    outer loop
      vertex -141 -137 148
      vertex -195 -133 148
      vertex -145 -137 148
    endloop
  endfacet
  facet normal 0 0 1
    outer loop
      vertex 195 -133 148
      vertex 145 -147 148
      vertex 195 -215 148
    endloop
  endfacet
  facet normal 0 0 1
    outer loop
      vertex 125 -180.662 148
      vertex 145 -147 148
      vertex 141 -147 148
    endloop
  endfacet
  facet normal 0 0 1
    outer loop
      vertex 145 -147 148
      vertex 125 -180.662 148
      vertex 195 -215 148
    endloop
  endfacet
  facet normal 0 0 1
    outer loop
      vertex 195 -215 148
      vertex 125 -180.662 148
      vertex 125 -215 148
    endloop
  endfacet
  facet normal 0 0 1
    outer loop
      vertex 141 -147 148
      vertex 119 -147 148
      vertex 125 -180.662 148
    endloop
  endfacet
  facet normal -0 0 1
    outer loop
      vertex 115 -147 148
      vertex 125 -180.662 148
      vertex 119 -147 148
    endloop
  endfacet
  facet normal 0 0 1
    outer loop
      vertex 93 -147 148
      vertex 115 -147 148
      vertex 93 -137 148
    endloop
  endfacet
  facet normal 0 0 1
    outer loop
      vertex 115 -147 148
      vertex 93 -147 148
      vertex 125 -180.662 148
    endloop
  endfacet
  facet normal -0 0 1
    outer loop
      vertex 89 -147 148
      vertex 125 -180.662 148
      vertex 93 -147 148
    endloop
  endfacet
  facet normal 0 0 1
    outer loop
      vertex 67 -147 148
      vertex 89 -147 148
      vertex 67 -137 148
    endloop
  endfacet
  facet normal 0 0 1
    outer loop
      vertex 89 -147 148
      vertex 67 -147 148
      vertex 125 -180.662 148
    endloop
  endfacet
  facet normal -0 0 1
    outer loop
      vertex 63 -147 148
      vertex 125 -180.662 148
      vertex 67 -147 148
    endloop
  endfacet
  facet normal 0 0 1
    outer loop
      vertex 41 -147 148
      vertex 63 -147 148
      vertex 41 -137 148
    endloop
  endfacet
  facet normal 0 0 1
    outer loop
      vertex 63 -147 148
      vertex 41 -147 148
      vertex 125 -180.662 148
    endloop
  endfacet
  facet normal -0 0 1
    outer loop
      vertex 37 -147 148
      vertex 125 -180.662 148
      vertex 41 -147 148
    endloop
  endfacet
  facet normal 0 0 1
    outer loop
      vertex 15 -147 148
      vertex 37 -147 148
      vertex 15 -137 148
    endloop
  endfacet
  facet normal -0 0 1
    outer loop
      vertex 15 -147 148
      vertex 125 -180.662 148
      vertex 37 -147 148
    endloop
  endfacet
  facet normal -0 0 1
    outer loop
      vertex 11 -147 148
      vertex 125 -180.662 148
      vertex 15 -147 148
    endloop
  endfacet
  facet normal 0 0 1
    outer loop
      vertex -11 -147 148
      vertex 11 -147 148
      vertex -11 -137 148
    endloop
  endfacet
  facet normal -0 0 1
    outer loop
      vertex -11 -147 148
      vertex 125 -180.662 148
      vertex 11 -147 148
    endloop
  endfacet
  facet normal 0 0 1
    outer loop
      vertex -125 -180.662 148
      vertex -11 -147 148
      vertex -15 -147 148
    endloop
  endfacet
  facet normal 0 0 1
    outer loop
      vertex -37 -147 148
      vertex -15 -147 148
      vertex -37 -137 148
    endloop
  endfacet
  facet normal 0 0 1
    outer loop
      vertex -125 -180.662 148
      vertex -15 -147 148
      vertex -37 -147 148
    endloop
  endfacet
  facet normal 0 0 1
    outer loop
      vertex -125 -180.662 148
      vertex -37 -147 148
      vertex -41 -147 148
    endloop
  endfacet
  facet normal 0 0 1
    outer loop
      vertex -63 -147 148
      vertex -41 -147 148
      vertex -63 -137 148
    endloop
  endfacet
  facet normal 0 0 1
    outer loop
      vertex -125 -180.662 148
      vertex -41 -147 148
      vertex -63 -147 148
    endloop
  endfacet
  facet normal 0 0 1
    outer loop
      vertex -125 -180.662 148
      vertex -63 -147 148
      vertex -67 -147 148
    endloop
  endfacet
  facet normal 0 0 1
    outer loop
      vertex -89 -147 148
      vertex -67 -147 148
      vertex -89 -137 148
    endloop
  endfacet
  facet normal 0 0 1
    outer loop
      vertex -125 -180.662 148
      vertex -67 -147 148
      vertex -89 -147 148
    endloop
  endfacet
  facet normal 0 0 1
    outer loop
      vertex -125 -180.662 148
      vertex -89 -147 148
      vertex -93 -147 148
    endloop
  endfacet
  facet normal 0 0 1
    outer loop
      vertex -115 -147 148
      vertex -93 -147 148
      vertex -115 -137 148
    endloop
  endfacet
  facet normal 0 0 1
    outer loop
      vertex -125 -180.662 148
      vertex -93 -147 148
      vertex -115 -147 148
    endloop
  endfacet
  facet normal 0 0 1
    outer loop
      vertex -125 -180.662 148
      vertex -115 -147 148
      vertex -119 -147 148
    endloop
  endfacet
  facet normal 0 0 1
    outer loop
      vertex -11 -147 148
      vertex -125 -180.662 148
      vertex 125 -180.662 148
    endloop
  endfacet
  facet normal -0 0 1
    outer loop
      vertex -145 -147 148
      vertex -125 -180.662 148
      vertex -141 -147 148
    endloop
  endfacet
  facet normal 0 0 1
    outer loop
      vertex -195 -215 148
      vertex -125 -180.662 148
      vertex -145 -147 148
    endloop
  endfacet
  facet normal 0 0 1
    outer loop
      vertex -195 -215 148
      vertex -145 -147 148
      vertex -195 -133 148
    endloop
  endfacet
  facet normal 0 0 1
    outer loop
      vertex -125 -180.662 148
      vertex -195 -215 148
      vertex -125 -215 148
    endloop
  endfacet
  facet normal 1 -0 0
    outer loop
      vertex 195 -215 148
      vertex 195 -133 118
      vertex 195 -133 148
    endloop
  endfacet
  facet normal 1 0 0
    outer loop
      vertex 195 -133 118
      vertex 195 -215 148
      vertex 195 -215 118
    endloop
  endfacet
  facet normal 0 0 -1
    outer loop
      vertex -125 -215 118
      vertex -195 -215 118
      vertex -125 -213.939 118
    endloop
  endfacet
  facet normal 0 0 -1
    outer loop
      vertex 125 -213.939 118
      vertex 195 -215 118
      vertex 125 -215 118
    endloop
  endfacet
  facet normal 0 0 -1
    outer loop
      vertex 195 -215 118
      vertex 125 -213.939 118
      vertex 195 -133 118
    endloop
  endfacet
  facet normal 0 0 -1
    outer loop
      vertex -125 -213.939 118
      vertex 195 -133 118
      vertex 125 -213.939 118
    endloop
  endfacet
  facet normal 0 0 -1
    outer loop
      vertex -195 -133 118
      vertex -125 -213.939 118
      vertex -195 -215 118
    endloop
  endfacet
  facet normal 0 0 -1
    outer loop
      vertex -125 -213.939 118
      vertex -195 -133 118
      vertex 195 -133 118
    endloop
  endfacet
  facet normal 0 -1 0
    outer loop
      vertex 125 -215 118
      vertex 195 -215 148
      vertex 125 -215 148
    endloop
  endfacet
  facet normal 0 -1 -0
    outer loop
      vertex 195 -215 148
      vertex 125 -215 118
      vertex 195 -215 118
    endloop
  endfacet
  facet normal 0 -1 0
    outer loop
      vertex -195 -215 118
      vertex -125 -215 148
      vertex -195 -215 148
    endloop
  endfacet
  facet normal 0 -1 -0
    outer loop
      vertex -125 -215 148
      vertex -195 -215 118
      vertex -125 -215 118
    endloop
  endfacet
  facet normal 0 1 -0
    outer loop
      vertex 195 -133 118
      vertex -195 -133 148
      vertex 195 -133 148
    endloop
  endfacet
  facet normal 0 1 0
    outer loop
      vertex -195 -133 148
      vertex 195 -133 118
      vertex -195 -133 118
    endloop
  endfacet
  facet normal -1 0 0
    outer loop
      vertex -130 7.5 469
      vertex -130 32.5 487
      vertex -130 32.5 469
    endloop
  endfacet
  facet normal -1 -0 0
    outer loop
      vertex -130 32.5 487
      vertex -130 7.5 469
      vertex -130 7.5 487
    endloop
  endfacet
  facet normal 0 0 1
    outer loop
      vertex 130 32.5 487
      vertex 24.5776 7.5 487
      vertex 130 7.5 487
    endloop
  endfacet
  facet normal 0 0 1
    outer loop
      vertex 130 32.5 487
      vertex 23.4923 11.5505 487
      vertex 24.5776 7.5 487
    endloop
  endfacet
  facet normal 0 0 1
    outer loop
      vertex 130 32.5 487
      vertex 21.6506 15.5 487
      vertex 23.4923 11.5505 487
    endloop
  endfacet
  facet normal 0 0 1
    outer loop
      vertex 130 32.5 487
      vertex 19.1511 19.0697 487
      vertex 21.6506 15.5 487
    endloop
  endfacet
  facet normal 0 0 1
    outer loop
      vertex 130 32.5 487
      vertex 16.0697 22.1511 487
      vertex 19.1511 19.0697 487
    endloop
  endfacet
  facet normal 0 0 1
    outer loop
      vertex 130 32.5 487
      vertex 12.5 24.6506 487
      vertex 16.0697 22.1511 487
    endloop
  endfacet
  facet normal 0 0 1
    outer loop
      vertex 130 32.5 487
      vertex 8.5505 26.4923 487
      vertex 12.5 24.6506 487
    endloop
  endfacet
  facet normal 0 0 1
    outer loop
      vertex 130 32.5 487
      vertex 4.3412 27.6202 487
      vertex 8.5505 26.4923 487
    endloop
  endfacet
  facet normal 0 0 1
    outer loop
      vertex 130 32.5 487
      vertex 0 28 487
      vertex 4.3412 27.6202 487
    endloop
  endfacet
  facet normal -0 0 1
    outer loop
      vertex -130 32.5 487
      vertex 0 28 487
      vertex 130 32.5 487
    endloop
  endfacet
  facet normal 0 0 1
    outer loop
      vertex -130 32.5 487
      vertex -4.3412 27.6202 487
      vertex 0 28 487
    endloop
  endfacet
  facet normal 0 0 1
    outer loop
      vertex -130 32.5 487
      vertex -8.5505 26.4923 487
      vertex -4.3412 27.6202 487
    endloop
  endfacet
  facet normal 0 0 1
    outer loop
      vertex -130 32.5 487
      vertex -12.5 24.6506 487
      vertex -8.5505 26.4923 487
    endloop
  endfacet
  facet normal 0 0 1
    outer loop
      vertex -130 32.5 487
      vertex -16.0697 22.1511 487
      vertex -12.5 24.6506 487
    endloop
  endfacet
  facet normal 0 0 1
    outer loop
      vertex -130 32.5 487
      vertex -19.1511 19.0697 487
      vertex -16.0697 22.1511 487
    endloop
  endfacet
  facet normal 0 0 1
    outer loop
      vertex -130 32.5 487
      vertex -21.6506 15.5 487
      vertex -19.1511 19.0697 487
    endloop
  endfacet
  facet normal 0 0 1
    outer loop
      vertex -130 32.5 487
      vertex -23.4923 11.5505 487
      vertex -21.6506 15.5 487
    endloop
  endfacet
  facet normal 0 0 1
    outer loop
      vertex -130 32.5 487
      vertex -24.5776 7.5 487
      vertex -23.4923 11.5505 487
    endloop
  endfacet
  facet normal 0 0 1
    outer loop
      vertex -24.5776 7.5 487
      vertex -130 32.5 487
      vertex -130 7.5 487
    endloop
  endfacet
  facet normal 1 -0 0
    outer loop
      vertex 130 7.5 487
      vertex 130 32.5 469
      vertex 130 32.5 487
    endloop
  endfacet
  facet normal 1 0 0
    outer loop
      vertex 130 32.5 469
      vertex 130 7.5 487
      vertex 130 7.5 469
    endloop
  endfacet
  facet normal 0 1 -0
    outer loop
      vertex 130 32.5 469
      vertex -130 32.5 487
      vertex 130 32.5 487
    endloop
  endfacet
  facet normal 0 1 0
    outer loop
      vertex -130 32.5 487
      vertex 130 32.5 469
      vertex -130 32.5 469
    endloop
  endfacet
  facet normal 0 0 -1
    outer loop
      vertex 24.5776 7.5 469
      vertex 130 32.5 469
      vertex 130 7.5 469
    endloop
  endfacet
  facet normal 0 0 -1
    outer loop
      vertex 23.4923 11.5505 469
      vertex 130 32.5 469
      vertex 24.5776 7.5 469
    endloop
  endfacet
  facet normal 0 0 -1
    outer loop
      vertex 21.6506 15.5 469
      vertex 130 32.5 469
      vertex 23.4923 11.5505 469
    endloop
  endfacet
  facet normal 0 0 -1
    outer loop
      vertex 19.1511 19.0697 469
      vertex 130 32.5 469
      vertex 21.6506 15.5 469
    endloop
  endfacet
  facet normal 0 0 -1
    outer loop
      vertex 16.0697 22.1511 469
      vertex 130 32.5 469
      vertex 19.1511 19.0697 469
    endloop
  endfacet
  facet normal 0 0 -1
    outer loop
      vertex 12.5 24.6506 469
      vertex 130 32.5 469
      vertex 16.0697 22.1511 469
    endloop
  endfacet
  facet normal 0 0 -1
    outer loop
      vertex 8.5505 26.4923 469
      vertex 130 32.5 469
      vertex 12.5 24.6506 469
    endloop
  endfacet
  facet normal 0 0 -1
    outer loop
      vertex 4.3412 27.6202 469
      vertex 130 32.5 469
      vertex 8.5505 26.4923 469
    endloop
  endfacet
  facet normal 0 0 -1
    outer loop
      vertex 0 28 469
      vertex 130 32.5 469
      vertex 4.3412 27.6202 469
    endloop
  endfacet
  facet normal 0 0 -1
    outer loop
      vertex -130 32.5 469
      vertex -24.5776 7.5 469
      vertex -130 7.5 469
    endloop
  endfacet
  facet normal 0 0 -1
    outer loop
      vertex -24.5776 7.5 469
      vertex -130 32.5 469
      vertex -23.4923 11.5505 469
    endloop
  endfacet
  facet normal 0 0 -1
    outer loop
      vertex -23.4923 11.5505 469
      vertex -130 32.5 469
      vertex -21.6506 15.5 469
    endloop
  endfacet
  facet normal 0 0 -1
    outer loop
      vertex -21.6506 15.5 469
      vertex -130 32.5 469
      vertex -19.1511 19.0697 469
    endloop
  endfacet
  facet normal 0 0 -1
    outer loop
      vertex -19.1511 19.0697 469
      vertex -130 32.5 469
      vertex -16.0697 22.1511 469
    endloop
  endfacet
  facet normal 0 0 -1
    outer loop
      vertex -16.0697 22.1511 469
      vertex -130 32.5 469
      vertex -12.5 24.6506 469
    endloop
  endfacet
  facet normal 0 0 -1
    outer loop
      vertex -12.5 24.6506 469
      vertex -130 32.5 469
      vertex -8.5505 26.4923 469
    endloop
  endfacet
  facet normal 0 0 -1
    outer loop
      vertex 0 28 469
      vertex -130 32.5 469
      vertex 130 32.5 469
    endloop
  endfacet
  facet normal 0 0 -1
    outer loop
      vertex -4.3412 27.6202 469
      vertex -130 32.5 469
      vertex 0 28 469
    endloop
  endfacet
  facet normal 0 0 -1
    outer loop
      vertex -8.5505 26.4923 469
      vertex -130 32.5 469
      vertex -4.3412 27.6202 469
    endloop
  endfacet
  facet normal 0 -1 0
    outer loop
      vertex 24.5776 7.5 469
      vertex 130 7.5 487
      vertex 24.5776 7.5 487
    endloop
  endfacet
  facet normal 0 -1 -0
    outer loop
      vertex 130 7.5 487
      vertex 24.5776 7.5 469
      vertex 130 7.5 469
    endloop
  endfacet
  facet normal 0 -1 0
    outer loop
      vertex -130 7.5 469
      vertex -24.5776 7.5 487
      vertex -130 7.5 487
    endloop
  endfacet
  facet normal 0 -1 -0
    outer loop
      vertex -24.5776 7.5 487
      vertex -130 7.5 469
      vertex -24.5776 7.5 469
    endloop
  endfacet
  facet normal 0.996195 0.0871544 0
    outer loop
      vertex 25 3 493
      vertex 24.6202 7.3412 455
      vertex 24.6202 7.3412 493
    endloop
  endfacet
  facet normal 0.996195 0.0871544 0
    outer loop
      vertex 24.6202 7.3412 455
      vertex 25 3 493
      vertex 25 3 455
    endloop
  endfacet
  facet normal -0.996195 0.0871544 0
    outer loop
      vertex -25 3 455
      vertex -24.6202 7.3412 493
      vertex -24.6202 7.3412 455
    endloop
  endfacet
  facet normal -0.996195 0.0871544 0
    outer loop
      vertex -24.6202 7.3412 493
      vertex -25 3 455
      vertex -25 3 493
    endloop
  endfacet
  facet normal 0.0871544 0.996195 -0
    outer loop
      vertex 4.3412 27.6202 455
      vertex 0 28 469
      vertex 4.3412 27.6202 469
    endloop
  endfacet
  facet normal 0.0871544 0.996195 0
    outer loop
      vertex 0 28 469
      vertex 4.3412 27.6202 455
      vertex 0 28 455
    endloop
  endfacet
  facet normal 0.0871544 0.996195 -0
    outer loop
      vertex 4.3412 27.6202 487
      vertex 0 28 493
      vertex 4.3412 27.6202 493
    endloop
  endfacet
  facet normal 0.0871544 0.996195 0
    outer loop
      vertex 0 28 493
      vertex 4.3412 27.6202 487
      vertex 0 28 487
    endloop
  endfacet
  facet normal -0.0871544 -0.996195 0
    outer loop
      vertex -4.3412 -21.6202 455
      vertex 0 -22 493
      vertex -4.3412 -21.6202 493
    endloop
  endfacet
  facet normal -0.0871544 -0.996195 -0
    outer loop
      vertex 0 -22 493
      vertex -4.3412 -21.6202 455
      vertex 0 -22 455
    endloop
  endfacet
  facet normal 0.707107 0.707107 0
    outer loop
      vertex 19.1511 19.0697 469
      vertex 16.0697 22.1511 455
      vertex 16.0697 22.1511 469
    endloop
  endfacet
  facet normal 0.707107 0.707107 0
    outer loop
      vertex 16.0697 22.1511 455
      vertex 19.1511 19.0697 469
      vertex 19.1511 19.0697 455
    endloop
  endfacet
  facet normal 0.707107 0.707107 0
    outer loop
      vertex 19.1511 19.0697 493
      vertex 16.0697 22.1511 487
      vertex 16.0697 22.1511 493
    endloop
  endfacet
  facet normal 0.707107 0.707107 0
    outer loop
      vertex 16.0697 22.1511 487
      vertex 19.1511 19.0697 493
      vertex 19.1511 19.0697 487
    endloop
  endfacet
  facet normal -0.573572 0.819155 0
    outer loop
      vertex -12.5 24.6506 455
      vertex -16.0697 22.1511 469
      vertex -12.5 24.6506 469
    endloop
  endfacet
  facet normal -0.573572 0.819155 0
    outer loop
      vertex -16.0697 22.1511 469
      vertex -12.5 24.6506 455
      vertex -16.0697 22.1511 455
    endloop
  endfacet
  facet normal -0.573572 0.819155 0
    outer loop
      vertex -12.5 24.6506 487
      vertex -16.0697 22.1511 493
      vertex -12.5 24.6506 493
    endloop
  endfacet
  facet normal -0.573572 0.819155 0
    outer loop
      vertex -16.0697 22.1511 493
      vertex -12.5 24.6506 487
      vertex -16.0697 22.1511 487
    endloop
  endfacet
  facet normal -0.258824 0.965925 0
    outer loop
      vertex -4.3412 27.6202 455
      vertex -8.5505 26.4923 469
      vertex -4.3412 27.6202 469
    endloop
  endfacet
  facet normal -0.258824 0.965925 0
    outer loop
      vertex -8.5505 26.4923 469
      vertex -4.3412 27.6202 455
      vertex -8.5505 26.4923 455
    endloop
  endfacet
  facet normal -0.258824 0.965925 0
    outer loop
      vertex -4.3412 27.6202 487
      vertex -8.5505 26.4923 493
      vertex -4.3412 27.6202 493
    endloop
  endfacet
  facet normal -0.258824 0.965925 0
    outer loop
      vertex -8.5505 26.4923 493
      vertex -4.3412 27.6202 487
      vertex -8.5505 26.4923 487
    endloop
  endfacet
  facet normal 0.707107 -0.707107 0
    outer loop
      vertex 16.0697 -16.1511 493
      vertex 19.1511 -13.0697 455
      vertex 19.1511 -13.0697 493
    endloop
  endfacet
  facet normal 0.707107 -0.707107 0
    outer loop
      vertex 19.1511 -13.0697 455
      vertex 16.0697 -16.1511 493
      vertex 16.0697 -16.1511 455
    endloop
  endfacet
  facet normal 0.819155 -0.573572 0
    outer loop
      vertex 19.1511 -13.0697 493
      vertex 21.6506 -9.5 455
      vertex 21.6506 -9.5 493
    endloop
  endfacet
  facet normal 0.819155 -0.573572 0
    outer loop
      vertex 21.6506 -9.5 455
      vertex 19.1511 -13.0697 493
      vertex 19.1511 -13.0697 455
    endloop
  endfacet
  facet normal 0 0 -1
    outer loop
      vertex 24.6202 -1.3412 455
      vertex 24.6202 7.3412 455
      vertex 25 3 455
    endloop
  endfacet
  facet normal 0 0 -1
    outer loop
      vertex 23.4923 -5.5505 455
      vertex 24.6202 7.3412 455
      vertex 24.6202 -1.3412 455
    endloop
  endfacet
  facet normal 0 0 -1
    outer loop
      vertex 23.4923 -5.5505 455
      vertex 23.4923 11.5505 455
      vertex 24.6202 7.3412 455
    endloop
  endfacet
  facet normal 0 0 -1
    outer loop
      vertex 21.6506 -9.5 455
      vertex 23.4923 11.5505 455
      vertex 23.4923 -5.5505 455
    endloop
  endfacet
  facet normal 0 0 -1
    outer loop
      vertex 21.6506 -9.5 455
      vertex 21.6506 15.5 455
      vertex 23.4923 11.5505 455
    endloop
  endfacet
  facet normal 0 0 -1
    outer loop
      vertex 19.1511 -13.0697 455
      vertex 21.6506 15.5 455
      vertex 21.6506 -9.5 455
    endloop
  endfacet
  facet normal 0 0 -1
    outer loop
      vertex 19.1511 -13.0697 455
      vertex 19.1511 19.0697 455
      vertex 21.6506 15.5 455
    endloop
  endfacet
  facet normal 0 0 -1
    outer loop
      vertex 16.0697 -16.1511 455
      vertex 19.1511 19.0697 455
      vertex 19.1511 -13.0697 455
    endloop
  endfacet
  facet normal 0 0 -1
    outer loop
      vertex 16.0697 -16.1511 455
      vertex 16.0697 22.1511 455
      vertex 19.1511 19.0697 455
    endloop
  endfacet
  facet normal 0 0 -1
    outer loop
      vertex 12.5 -18.6506 455
      vertex 16.0697 22.1511 455
      vertex 16.0697 -16.1511 455
    endloop
  endfacet
  facet normal 0 0 -1
    outer loop
      vertex 12.5 -18.6506 455
      vertex 12.5 24.6506 455
      vertex 16.0697 22.1511 455
    endloop
  endfacet
  facet normal 0 0 -1
    outer loop
      vertex 8.5505 -20.4923 455
      vertex 12.5 24.6506 455
      vertex 12.5 -18.6506 455
    endloop
  endfacet
  facet normal 0 0 -1
    outer loop
      vertex 8.5505 -20.4923 455
      vertex 8.5505 26.4923 455
      vertex 12.5 24.6506 455
    endloop
  endfacet
  facet normal 0 0 -1
    outer loop
      vertex 4.3412 -21.6202 455
      vertex 8.5505 26.4923 455
      vertex 8.5505 -20.4923 455
    endloop
  endfacet
  facet normal 0 0 -1
    outer loop
      vertex 4.3412 -21.6202 455
      vertex 4.3412 27.6202 455
      vertex 8.5505 26.4923 455
    endloop
  endfacet
  facet normal 0 0 -1
    outer loop
      vertex 0 -22 455
      vertex 4.3412 27.6202 455
      vertex 4.3412 -21.6202 455
    endloop
  endfacet
  facet normal 0 0 -1
    outer loop
      vertex 0 -22 455
      vertex 0 28 455
      vertex 4.3412 27.6202 455
    endloop
  endfacet
  facet normal 0 0 -1
    outer loop
      vertex -4.3412 -21.6202 455
      vertex 0 28 455
      vertex 0 -22 455
    endloop
  endfacet
  facet normal 0 0 -1
    outer loop
      vertex -4.3412 -21.6202 455
      vertex -4.3412 27.6202 455
      vertex 0 28 455
    endloop
  endfacet
  facet normal 0 0 -1
    outer loop
      vertex -8.5505 -20.4923 455
      vertex -4.3412 27.6202 455
      vertex -4.3412 -21.6202 455
    endloop
  endfacet
  facet normal 0 0 -1
    outer loop
      vertex -8.5505 -20.4923 455
      vertex -8.5505 26.4923 455
      vertex -4.3412 27.6202 455
    endloop
  endfacet
  facet normal 0 0 -1
    outer loop
      vertex -12.5 -18.6506 455
      vertex -8.5505 26.4923 455
      vertex -8.5505 -20.4923 455
    endloop
  endfacet
  facet normal 0 0 -1
    outer loop
      vertex -12.5 -18.6506 455
      vertex -12.5 24.6506 455
      vertex -8.5505 26.4923 455
    endloop
  endfacet
  facet normal 0 0 -1
    outer loop
      vertex -16.0697 -16.1511 455
      vertex -12.5 24.6506 455
      vertex -12.5 -18.6506 455
    endloop
  endfacet
  facet normal 0 0 -1
    outer loop
      vertex -16.0697 -16.1511 455
      vertex -16.0697 22.1511 455
      vertex -12.5 24.6506 455
    endloop
  endfacet
  facet normal 0 0 -1
    outer loop
      vertex -19.1511 -13.0697 455
      vertex -16.0697 22.1511 455
      vertex -16.0697 -16.1511 455
    endloop
  endfacet
  facet normal 0 0 -1
    outer loop
      vertex -19.1511 -13.0697 455
      vertex -19.1511 19.0697 455
      vertex -16.0697 22.1511 455
    endloop
  endfacet
  facet normal 0 0 -1
    outer loop
      vertex -21.6506 -9.5 455
      vertex -19.1511 19.0697 455
      vertex -19.1511 -13.0697 455
    endloop
  endfacet
  facet normal 0 0 -1
    outer loop
      vertex -21.6506 -9.5 455
      vertex -21.6506 15.5 455
      vertex -19.1511 19.0697 455
    endloop
  endfacet
  facet normal 0 0 -1
    outer loop
      vertex -23.4923 -5.5505 455
      vertex -21.6506 15.5 455
      vertex -21.6506 -9.5 455
    endloop
  endfacet
  facet normal 0 0 -1
    outer loop
      vertex -23.4923 -5.5505 455
      vertex -23.4923 11.5505 455
      vertex -21.6506 15.5 455
    endloop
  endfacet
  facet normal 0 0 -1
    outer loop
      vertex -24.6202 -1.3412 455
      vertex -23.4923 11.5505 455
      vertex -23.4923 -5.5505 455
    endloop
  endfacet
  facet normal 0 0 -1
    outer loop
      vertex -24.6202 -1.3412 455
      vertex -24.6202 7.3412 455
      vertex -23.4923 11.5505 455
    endloop
  endfacet
  facet normal 0 -0 -1
    outer loop
      vertex -24.6202 7.3412 455
      vertex -24.6202 -1.3412 455
      vertex -25 3 455
    endloop
  endfacet
  facet normal 0.906306 0.422622 0
    outer loop
      vertex 23.4923 11.5505 493
      vertex 21.6506 15.5 487
      vertex 21.6506 15.5 493
    endloop
  endfacet
  facet normal 0.906306 0.422622 0
    outer loop
      vertex 21.6506 15.5 487
      vertex 23.4923 11.5505 493
      vertex 23.4923 11.5505 487
    endloop
  endfacet
  facet normal 0.906306 0.422622 0
    outer loop
      vertex 23.4923 11.5505 469
      vertex 21.6506 15.5 455
      vertex 21.6506 15.5 469
    endloop
  endfacet
  facet normal 0.906306 0.422622 0
    outer loop
      vertex 21.6506 15.5 455
      vertex 23.4923 11.5505 469
      vertex 23.4923 11.5505 455
    endloop
  endfacet
  facet normal 0.965928 0.258813 0
    outer loop
      vertex 23.4923 11.5505 493
      vertex 24.5776 7.5 487
      vertex 23.4923 11.5505 487
    endloop
  endfacet
  facet normal 0.96585 0.259101 0
    outer loop
      vertex 24.5776 7.5 487
      vertex 24.6202 7.3412 493
      vertex 24.5776 7.5 469
    endloop
  endfacet
  facet normal 0.965925 0.258824 -7.8656e-06
    outer loop
      vertex 24.6202 7.3412 493
      vertex 24.5776 7.5 487
      vertex 23.4923 11.5505 493
    endloop
  endfacet
  facet normal 0.965928 0.258813 0
    outer loop
      vertex 24.5776 7.5 469
      vertex 23.4923 11.5505 455
      vertex 23.4923 11.5505 469
    endloop
  endfacet
  facet normal 0.965925 0.258824 3.37097e-06
    outer loop
      vertex 24.5776 7.5 469
      vertex 24.6202 7.3412 455
      vertex 23.4923 11.5505 455
    endloop
  endfacet
  facet normal 0.96585 0.259101 -0
    outer loop
      vertex 24.6202 7.3412 455
      vertex 24.5776 7.5 469
      vertex 24.6202 7.3412 493
    endloop
  endfacet
  facet normal 0.819155 0.573572 0
    outer loop
      vertex 21.6506 15.5 469
      vertex 19.1511 19.0697 455
      vertex 19.1511 19.0697 469
    endloop
  endfacet
  facet normal 0.819155 0.573572 0
    outer loop
      vertex 19.1511 19.0697 455
      vertex 21.6506 15.5 469
      vertex 21.6506 15.5 455
    endloop
  endfacet
  facet normal 0.819155 0.573572 0
    outer loop
      vertex 21.6506 15.5 493
      vertex 19.1511 19.0697 487
      vertex 19.1511 19.0697 493
    endloop
  endfacet
  facet normal 0.819155 0.573572 0
    outer loop
      vertex 19.1511 19.0697 487
      vertex 21.6506 15.5 493
      vertex 21.6506 15.5 487
    endloop
  endfacet
  facet normal 0.422622 0.906306 -0
    outer loop
      vertex 12.5 24.6506 487
      vertex 8.5505 26.4923 493
      vertex 12.5 24.6506 493
    endloop
  endfacet
  facet normal 0.422622 0.906306 0
    outer loop
      vertex 8.5505 26.4923 493
      vertex 12.5 24.6506 487
      vertex 8.5505 26.4923 487
    endloop
  endfacet
  facet normal 0.422622 0.906306 -0
    outer loop
      vertex 12.5 24.6506 455
      vertex 8.5505 26.4923 469
      vertex 12.5 24.6506 469
    endloop
  endfacet
  facet normal 0.422622 0.906306 0
    outer loop
      vertex 8.5505 26.4923 469
      vertex 12.5 24.6506 455
      vertex 8.5505 26.4923 455
    endloop
  endfacet
  facet normal 0.258824 0.965925 -0
    outer loop
      vertex 8.5505 26.4923 455
      vertex 4.3412 27.6202 469
      vertex 8.5505 26.4923 469
    endloop
  endfacet
  facet normal 0.258824 0.965925 0
    outer loop
      vertex 4.3412 27.6202 469
      vertex 8.5505 26.4923 455
      vertex 4.3412 27.6202 455
    endloop
  endfacet
  facet normal 0.258824 0.965925 -0
    outer loop
      vertex 8.5505 26.4923 487
      vertex 4.3412 27.6202 493
      vertex 8.5505 26.4923 493
    endloop
  endfacet
  facet normal 0.258824 0.965925 0
    outer loop
      vertex 4.3412 27.6202 493
      vertex 8.5505 26.4923 487
      vertex 4.3412 27.6202 487
    endloop
  endfacet
  facet normal 0.573572 0.819155 -0
    outer loop
      vertex 16.0697 22.1511 455
      vertex 12.5 24.6506 469
      vertex 16.0697 22.1511 469
    endloop
  endfacet
  facet normal 0.573572 0.819155 0
    outer loop
      vertex 12.5 24.6506 469
      vertex 16.0697 22.1511 455
      vertex 12.5 24.6506 455
    endloop
  endfacet
  facet normal 0.573572 0.819155 -0
    outer loop
      vertex 16.0697 22.1511 487
      vertex 12.5 24.6506 493
      vertex 16.0697 22.1511 493
    endloop
  endfacet
  facet normal 0.573572 0.819155 0
    outer loop
      vertex 12.5 24.6506 493
      vertex 16.0697 22.1511 487
      vertex 12.5 24.6506 487
    endloop
  endfacet
  facet normal -0.819155 0.573572 0
    outer loop
      vertex -21.6506 15.5 455
      vertex -19.1511 19.0697 469
      vertex -19.1511 19.0697 455
    endloop
  endfacet
  facet normal -0.819155 0.573572 0
    outer loop
      vertex -19.1511 19.0697 469
      vertex -21.6506 15.5 455
      vertex -21.6506 15.5 469
    endloop
  endfacet
  facet normal -0.819155 0.573572 0
    outer loop
      vertex -21.6506 15.5 487
      vertex -19.1511 19.0697 493
      vertex -19.1511 19.0697 487
    endloop
  endfacet
  facet normal -0.819155 0.573572 0
    outer loop
      vertex -19.1511 19.0697 493
      vertex -21.6506 15.5 487
      vertex -21.6506 15.5 493
    endloop
  endfacet
  facet normal -0.707107 0.707107 0
    outer loop
      vertex -19.1511 19.0697 455
      vertex -16.0697 22.1511 469
      vertex -16.0697 22.1511 455
    endloop
  endfacet
  facet normal -0.707107 0.707107 0
    outer loop
      vertex -16.0697 22.1511 469
      vertex -19.1511 19.0697 455
      vertex -19.1511 19.0697 469
    endloop
  endfacet
  facet normal -0.707107 0.707107 0
    outer loop
      vertex -19.1511 19.0697 487
      vertex -16.0697 22.1511 493
      vertex -16.0697 22.1511 487
    endloop
  endfacet
  facet normal -0.707107 0.707107 0
    outer loop
      vertex -16.0697 22.1511 493
      vertex -19.1511 19.0697 487
      vertex -19.1511 19.0697 493
    endloop
  endfacet
  facet normal -0.906306 0.422622 0
    outer loop
      vertex -23.4923 11.5505 455
      vertex -21.6506 15.5 469
      vertex -21.6506 15.5 455
    endloop
  endfacet
  facet normal -0.906306 0.422622 0
    outer loop
      vertex -21.6506 15.5 469
      vertex -23.4923 11.5505 455
      vertex -23.4923 11.5505 469
    endloop
  endfacet
  facet normal -0.906306 0.422622 0
    outer loop
      vertex -23.4923 11.5505 487
      vertex -21.6506 15.5 493
      vertex -21.6506 15.5 487
    endloop
  endfacet
  facet normal -0.906306 0.422622 0
    outer loop
      vertex -21.6506 15.5 493
      vertex -23.4923 11.5505 487
      vertex -23.4923 11.5505 493
    endloop
  endfacet
  facet normal -0.422622 0.906306 0
    outer loop
      vertex -8.5505 26.4923 455
      vertex -12.5 24.6506 469
      vertex -8.5505 26.4923 469
    endloop
  endfacet
  facet normal -0.422622 0.906306 0
    outer loop
      vertex -12.5 24.6506 469
      vertex -8.5505 26.4923 455
      vertex -12.5 24.6506 455
    endloop
  endfacet
  facet normal -0.422622 0.906306 0
    outer loop
      vertex -8.5505 26.4923 487
      vertex -12.5 24.6506 493
      vertex -8.5505 26.4923 493
    endloop
  endfacet
  facet normal -0.422622 0.906306 0
    outer loop
      vertex -12.5 24.6506 493
      vertex -8.5505 26.4923 487
      vertex -12.5 24.6506 487
    endloop
  endfacet
  facet normal -0.0871544 0.996195 0
    outer loop
      vertex 0 28 455
      vertex -4.3412 27.6202 469
      vertex 0 28 469
    endloop
  endfacet
  facet normal -0.0871544 0.996195 0
    outer loop
      vertex -4.3412 27.6202 469
      vertex 0 28 455
      vertex -4.3412 27.6202 455
    endloop
  endfacet
  facet normal -0.0871544 0.996195 0
    outer loop
      vertex 0 28 487
      vertex -4.3412 27.6202 493
      vertex 0 28 493
    endloop
  endfacet
  facet normal -0.0871544 0.996195 0
    outer loop
      vertex -4.3412 27.6202 493
      vertex 0 28 487
      vertex -4.3412 27.6202 487
    endloop
  endfacet
  facet normal 0.573572 -0.819155 0
    outer loop
      vertex 12.5 -18.6506 455
      vertex 16.0697 -16.1511 493
      vertex 12.5 -18.6506 493
    endloop
  endfacet
  facet normal 0.573572 -0.819155 0
    outer loop
      vertex 16.0697 -16.1511 493
      vertex 12.5 -18.6506 455
      vertex 16.0697 -16.1511 455
    endloop
  endfacet
  facet normal -0.707107 -0.707107 0
    outer loop
      vertex -16.0697 -16.1511 455
      vertex -19.1511 -13.0697 493
      vertex -19.1511 -13.0697 455
    endloop
  endfacet
  facet normal -0.707107 -0.707107 0
    outer loop
      vertex -19.1511 -13.0697 493
      vertex -16.0697 -16.1511 455
      vertex -16.0697 -16.1511 493
    endloop
  endfacet
  facet normal -0.422622 -0.906306 0
    outer loop
      vertex -12.5 -18.6506 455
      vertex -8.5505 -20.4923 493
      vertex -12.5 -18.6506 493
    endloop
  endfacet
  facet normal -0.422622 -0.906306 -0
    outer loop
      vertex -8.5505 -20.4923 493
      vertex -12.5 -18.6506 455
      vertex -8.5505 -20.4923 455
    endloop
  endfacet
  facet normal -0.906306 -0.422622 0
    outer loop
      vertex -21.6506 -9.5 455
      vertex -23.4923 -5.5505 493
      vertex -23.4923 -5.5505 455
    endloop
  endfacet
  facet normal -0.906306 -0.422622 0
    outer loop
      vertex -23.4923 -5.5505 493
      vertex -21.6506 -9.5 455
      vertex -21.6506 -9.5 493
    endloop
  endfacet
  facet normal -0.819155 -0.573572 0
    outer loop
      vertex -19.1511 -13.0697 455
      vertex -21.6506 -9.5 493
      vertex -21.6506 -9.5 455
    endloop
  endfacet
  facet normal -0.819155 -0.573572 0
    outer loop
      vertex -21.6506 -9.5 493
      vertex -19.1511 -13.0697 455
      vertex -19.1511 -13.0697 493
    endloop
  endfacet
  facet normal -0.996195 -0.0871544 0
    outer loop
      vertex -24.6202 -1.3412 455
      vertex -25 3 493
      vertex -25 3 455
    endloop
  endfacet
  facet normal -0.996195 -0.0871544 0
    outer loop
      vertex -25 3 493
      vertex -24.6202 -1.3412 455
      vertex -24.6202 -1.3412 493
    endloop
  endfacet
  facet normal -0.965928 0.258813 0
    outer loop
      vertex -23.4923 11.5505 455
      vertex -24.5776 7.5 469
      vertex -23.4923 11.5505 469
    endloop
  endfacet
  facet normal -0.96585 0.259101 0
    outer loop
      vertex -24.6202 7.3412 493
      vertex -24.5776 7.5 469
      vertex -24.6202 7.3412 455
    endloop
  endfacet
  facet normal -0.965925 0.258824 3.37097e-06
    outer loop
      vertex -24.6202 7.3412 455
      vertex -24.5776 7.5 469
      vertex -23.4923 11.5505 455
    endloop
  endfacet
  facet normal -0.965928 0.258813 0
    outer loop
      vertex -24.5776 7.5 487
      vertex -23.4923 11.5505 493
      vertex -23.4923 11.5505 487
    endloop
  endfacet
  facet normal -0.965925 0.258824 -7.8656e-06
    outer loop
      vertex -24.5776 7.5 487
      vertex -24.6202 7.3412 493
      vertex -23.4923 11.5505 493
    endloop
  endfacet
  facet normal -0.96585 0.259101 0
    outer loop
      vertex -24.5776 7.5 469
      vertex -24.6202 7.3412 493
      vertex -24.5776 7.5 487
    endloop
  endfacet
  facet normal 0 0 1
    outer loop
      vertex 24.6202 7.3412 493
      vertex 24.6202 -1.3412 493
      vertex 25 3 493
    endloop
  endfacet
  facet normal 0 0 1
    outer loop
      vertex 23.4923 11.5505 493
      vertex 24.6202 -1.3412 493
      vertex 24.6202 7.3412 493
    endloop
  endfacet
  facet normal 0 0 1
    outer loop
      vertex 23.4923 11.5505 493
      vertex 23.4923 -5.5505 493
      vertex 24.6202 -1.3412 493
    endloop
  endfacet
  facet normal 0 0 1
    outer loop
      vertex 21.6506 15.5 493
      vertex 23.4923 -5.5505 493
      vertex 23.4923 11.5505 493
    endloop
  endfacet
  facet normal 0 0 1
    outer loop
      vertex 21.6506 15.5 493
      vertex 21.6506 -9.5 493
      vertex 23.4923 -5.5505 493
    endloop
  endfacet
  facet normal 0 0 1
    outer loop
      vertex 19.1511 19.0697 493
      vertex 21.6506 -9.5 493
      vertex 21.6506 15.5 493
    endloop
  endfacet
  facet normal 0 0 1
    outer loop
      vertex 19.1511 19.0697 493
      vertex 19.1511 -13.0697 493
      vertex 21.6506 -9.5 493
    endloop
  endfacet
  facet normal 0 0 1
    outer loop
      vertex 16.0697 22.1511 493
      vertex 19.1511 -13.0697 493
      vertex 19.1511 19.0697 493
    endloop
  endfacet
  facet normal 0 0 1
    outer loop
      vertex 16.0697 22.1511 493
      vertex 16.0697 -16.1511 493
      vertex 19.1511 -13.0697 493
    endloop
  endfacet
  facet normal 0 0 1
    outer loop
      vertex 12.5 24.6506 493
      vertex 16.0697 -16.1511 493
      vertex 16.0697 22.1511 493
    endloop
  endfacet
  facet normal 0 0 1
    outer loop
      vertex 12.5 24.6506 493
      vertex 12.5 -18.6506 493
      vertex 16.0697 -16.1511 493
    endloop
  endfacet
  facet normal 0 0 1
    outer loop
      vertex 8.5505 26.4923 493
      vertex 12.5 -18.6506 493
      vertex 12.5 24.6506 493
    endloop
  endfacet
  facet normal 0 0 1
    outer loop
      vertex 8.5505 26.4923 493
      vertex 8.5505 -20.4923 493
      vertex 12.5 -18.6506 493
    endloop
  endfacet
  facet normal 0 0 1
    outer loop
      vertex 4.3412 27.6202 493
      vertex 8.5505 -20.4923 493
      vertex 8.5505 26.4923 493
    endloop
  endfacet
  facet normal 0 0 1
    outer loop
      vertex 4.3412 27.6202 493
      vertex 4.3412 -21.6202 493
      vertex 8.5505 -20.4923 493
    endloop
  endfacet
  facet normal 0 0 1
    outer loop
      vertex 0 28 493
      vertex 4.3412 -21.6202 493
      vertex 4.3412 27.6202 493
    endloop
  endfacet
  facet normal 0 0 1
    outer loop
      vertex 0 28 493
      vertex 0 -22 493
      vertex 4.3412 -21.6202 493
    endloop
  endfacet
  facet normal -0 0 1
    outer loop
      vertex -4.3412 27.6202 493
      vertex 0 -22 493
      vertex 0 28 493
    endloop
  endfacet
  facet normal 0 0 1
    outer loop
      vertex -4.3412 27.6202 493
      vertex -4.3412 -21.6202 493
      vertex 0 -22 493
    endloop
  endfacet
  facet normal -0 0 1
    outer loop
      vertex -8.5505 26.4923 493
      vertex -4.3412 -21.6202 493
      vertex -4.3412 27.6202 493
    endloop
  endfacet
  facet normal 0 0 1
    outer loop
      vertex -8.5505 26.4923 493
      vertex -8.5505 -20.4923 493
      vertex -4.3412 -21.6202 493
    endloop
  endfacet
  facet normal -0 0 1
    outer loop
      vertex -12.5 24.6506 493
      vertex -8.5505 -20.4923 493
      vertex -8.5505 26.4923 493
    endloop
  endfacet
  facet normal 0 0 1
    outer loop
      vertex -12.5 24.6506 493
      vertex -12.5 -18.6506 493
      vertex -8.5505 -20.4923 493
    endloop
  endfacet
  facet normal -0 0 1
    outer loop
      vertex -16.0697 22.1511 493
      vertex -12.5 -18.6506 493
      vertex -12.5 24.6506 493
    endloop
  endfacet
  facet normal 0 0 1
    outer loop
      vertex -16.0697 22.1511 493
      vertex -16.0697 -16.1511 493
      vertex -12.5 -18.6506 493
    endloop
  endfacet
  facet normal -0 0 1
    outer loop
      vertex -19.1511 19.0697 493
      vertex -16.0697 -16.1511 493
      vertex -16.0697 22.1511 493
    endloop
  endfacet
  facet normal 0 0 1
    outer loop
      vertex -19.1511 19.0697 493
      vertex -19.1511 -13.0697 493
      vertex -16.0697 -16.1511 493
    endloop
  endfacet
  facet normal -0 0 1
    outer loop
      vertex -21.6506 15.5 493
      vertex -19.1511 -13.0697 493
      vertex -19.1511 19.0697 493
    endloop
  endfacet
  facet normal 0 0 1
    outer loop
      vertex -21.6506 15.5 493
      vertex -21.6506 -9.5 493
      vertex -19.1511 -13.0697 493
    endloop
  endfacet
  facet normal -0 0 1
    outer loop
      vertex -23.4923 11.5505 493
      vertex -21.6506 -9.5 493
      vertex -21.6506 15.5 493
    endloop
  endfacet
  facet normal 0 0 1
    outer loop
      vertex -23.4923 11.5505 493
      vertex -23.4923 -5.5505 493
      vertex -21.6506 -9.5 493
    endloop
  endfacet
  facet normal -0 0 1
    outer loop
      vertex -24.6202 7.3412 493
      vertex -23.4923 -5.5505 493
      vertex -23.4923 11.5505 493
    endloop
  endfacet
  facet normal 0 0 1
    outer loop
      vertex -24.6202 7.3412 493
      vertex -24.6202 -1.3412 493
      vertex -23.4923 -5.5505 493
    endloop
  endfacet
  facet normal 0 -0 1
    outer loop
      vertex -24.6202 -1.3412 493
      vertex -24.6202 7.3412 493
      vertex -25 3 493
    endloop
  endfacet
  facet normal 0.996195 -0.0871544 0
    outer loop
      vertex 24.6202 -1.3412 493
      vertex 25 3 455
      vertex 25 3 493
    endloop
  endfacet
  facet normal 0.996195 -0.0871544 0
    outer loop
      vertex 25 3 455
      vertex 24.6202 -1.3412 493
      vertex 24.6202 -1.3412 455
    endloop
  endfacet
  facet normal 0.0871544 -0.996195 0
    outer loop
      vertex 0 -22 455
      vertex 4.3412 -21.6202 493
      vertex 0 -22 493
    endloop
  endfacet
  facet normal 0.0871544 -0.996195 0
    outer loop
      vertex 4.3412 -21.6202 493
      vertex 0 -22 455
      vertex 4.3412 -21.6202 455
    endloop
  endfacet
  facet normal 0.422622 -0.906306 0
    outer loop
      vertex 8.5505 -20.4923 455
      vertex 12.5 -18.6506 493
      vertex 8.5505 -20.4923 493
    endloop
  endfacet
  facet normal 0.422622 -0.906306 0
    outer loop
      vertex 12.5 -18.6506 493
      vertex 8.5505 -20.4923 455
      vertex 12.5 -18.6506 455
    endloop
  endfacet
  facet normal 0.906306 -0.422622 0
    outer loop
      vertex 21.6506 -9.5 493
      vertex 23.4923 -5.5505 455
      vertex 23.4923 -5.5505 493
    endloop
  endfacet
  facet normal 0.906306 -0.422622 0
    outer loop
      vertex 23.4923 -5.5505 455
      vertex 21.6506 -9.5 493
      vertex 21.6506 -9.5 455
    endloop
  endfacet
  facet normal 0.965925 -0.258824 0
    outer loop
      vertex 23.4923 -5.5505 493
      vertex 24.6202 -1.3412 455
      vertex 24.6202 -1.3412 493
    endloop
  endfacet
  facet normal 0.965925 -0.258824 0
    outer loop
      vertex 24.6202 -1.3412 455
      vertex 23.4923 -5.5505 493
      vertex 23.4923 -5.5505 455
    endloop
  endfacet
  facet normal -0.573572 -0.819155 0
    outer loop
      vertex -16.0697 -16.1511 455
      vertex -12.5 -18.6506 493
      vertex -16.0697 -16.1511 493
    endloop
  endfacet
  facet normal -0.573572 -0.819155 -0
    outer loop
      vertex -12.5 -18.6506 493
      vertex -16.0697 -16.1511 455
      vertex -12.5 -18.6506 455
    endloop
  endfacet
  facet normal -0.258824 -0.965925 0
    outer loop
      vertex -8.5505 -20.4923 455
      vertex -4.3412 -21.6202 493
      vertex -8.5505 -20.4923 493
    endloop
  endfacet
  facet normal -0.258824 -0.965925 -0
    outer loop
      vertex -4.3412 -21.6202 493
      vertex -8.5505 -20.4923 455
      vertex -4.3412 -21.6202 455
    endloop
  endfacet
  facet normal -0.965925 -0.258824 0
    outer loop
      vertex -23.4923 -5.5505 455
      vertex -24.6202 -1.3412 493
      vertex -24.6202 -1.3412 455
    endloop
  endfacet
  facet normal -0.965925 -0.258824 0
    outer loop
      vertex -24.6202 -1.3412 493
      vertex -23.4923 -5.5505 455
      vertex -23.4923 -5.5505 493
    endloop
  endfacet
  facet normal 0.258824 -0.965925 0
    outer loop
      vertex 4.3412 -21.6202 455
      vertex 8.5505 -20.4923 493
      vertex 4.3412 -21.6202 493
    endloop
  endfacet
  facet normal 0.258824 -0.965925 0
    outer loop
      vertex 8.5505 -20.4923 493
      vertex 4.3412 -21.6202 455
      vertex 8.5505 -20.4923 455
    endloop
  endfacet
  facet normal -1 0 0
    outer loop
      vertex -205 0 441
      vertex -205 10 449
      vertex -205 10 441
    endloop
  endfacet
  facet normal -1 -0 0
    outer loop
      vertex -205 10 449
      vertex -205 0 441
      vertex -205 0 449
    endloop
  endfacet
  facet normal -0 0 1
    outer loop
      vertex -205 10 449
      vertex -85 0 449
      vertex -85 10 449
    endloop
  endfacet
  facet normal 0 0 1
    outer loop
      vertex -85 0 449
      vertex -205 10 449
      vertex -205 0 449
    endloop
  endfacet
  facet normal 1 -0 0
    outer loop
      vertex -85 0 449
      vertex -85 10 441
      vertex -85 10 449
    endloop
  endfacet
  facet normal 1 0 0
    outer loop
      vertex -85 10 441
      vertex -85 0 449
      vertex -85 0 441
    endloop
  endfacet
  facet normal 0 0 -1
    outer loop
      vertex -205 0 441
      vertex -85 10 441
      vertex -85 0 441
    endloop
  endfacet
  facet normal -0 0 -1
    outer loop
      vertex -85 10 441
      vertex -205 0 441
      vertex -205 10 441
    endloop
  endfacet
  facet normal 0 -1 0
    outer loop
      vertex -205 0 441
      vertex -85 0 449
      vertex -205 0 449
    endloop
  endfacet
  facet normal 0 -1 -0
    outer loop
      vertex -85 0 449
      vertex -205 0 441
      vertex -85 0 441
    endloop
  endfacet
  facet normal 0 1 -0
    outer loop
      vertex -85 10 441
      vertex -205 10 449
      vertex -85 10 449
    endloop
  endfacet
  facet normal 0 1 0
    outer loop
      vertex -205 10 449
      vertex -85 10 441
      vertex -205 10 441
    endloop
  endfacet
  facet normal -1 0 0
    outer loop
      vertex 85 0 441
      vertex 85 10 449
      vertex 85 10 441
    endloop
  endfacet
  facet normal -1 -0 0
    outer loop
      vertex 85 10 449
      vertex 85 0 441
      vertex 85 0 449
    endloop
  endfacet
  facet normal -0 0 1
    outer loop
      vertex 85 10 449
      vertex 205 0 449
      vertex 205 10 449
    endloop
  endfacet
  facet normal 0 0 1
    outer loop
      vertex 205 0 449
      vertex 85 10 449
      vertex 85 0 449
    endloop
  endfacet
  facet normal 1 -0 0
    outer loop
      vertex 205 0 449
      vertex 205 10 441
      vertex 205 10 449
    endloop
  endfacet
  facet normal 1 0 0
    outer loop
      vertex 205 10 441
      vertex 205 0 449
      vertex 205 0 441
    endloop
  endfacet
  facet normal 0 1 -0
    outer loop
      vertex 205 10 441
      vertex 85 10 449
      vertex 205 10 449
    endloop
  endfacet
  facet normal 0 1 0
    outer loop
      vertex 85 10 449
      vertex 205 10 441
      vertex 85 10 441
    endloop
  endfacet
  facet normal 0 0 -1
    outer loop
      vertex 85 0 441
      vertex 205 10 441
      vertex 205 0 441
    endloop
  endfacet
  facet normal -0 0 -1
    outer loop
      vertex 205 10 441
      vertex 85 0 441
      vertex 85 10 441
    endloop
  endfacet
  facet normal 0 -1 0
    outer loop
      vertex 85 0 441
      vertex 205 0 449
      vertex 85 0 449
    endloop
  endfacet
  facet normal 0 -1 -0
    outer loop
      vertex 205 0 449
      vertex 85 0 441
      vertex 205 0 441
    endloop
  endfacet
  facet normal -1 0 0
    outer loop
      vertex -40 33 436
      vertex -40 43 444
      vertex -40 43 436
    endloop
  endfacet
  facet normal -1 -0 0
    outer loop
      vertex -40 43 444
      vertex -40 33 436
      vertex -40 33 444
    endloop
  endfacet
  facet normal -0 0 1
    outer loop
      vertex -40 43 444
      vertex 40 33 444
      vertex 40 43 444
    endloop
  endfacet
  facet normal 0 0 1
    outer loop
      vertex 40 33 444
      vertex -40 43 444
      vertex -40 33 444
    endloop
  endfacet
  facet normal 1 -0 0
    outer loop
      vertex 40 33 444
      vertex 40 43 436
      vertex 40 43 444
    endloop
  endfacet
  facet normal 1 0 0
    outer loop
      vertex 40 43 436
      vertex 40 33 444
      vertex 40 33 436
    endloop
  endfacet
  facet normal 0 0 -1
    outer loop
      vertex -40 33 436
      vertex 40 43 436
      vertex 40 33 436
    endloop
  endfacet
  facet normal -0 0 -1
    outer loop
      vertex 40 43 436
      vertex -40 33 436
      vertex -40 43 436
    endloop
  endfacet
  facet normal 0 -1 0
    outer loop
      vertex -40 33 436
      vertex 40 33 444
      vertex -40 33 444
    endloop
  endfacet
  facet normal 0 -1 -0
    outer loop
      vertex 40 33 444
      vertex -40 33 436
      vertex 40 33 436
    endloop
  endfacet
  facet normal 0 1 -0
    outer loop
      vertex 40 43 436
      vertex -40 43 444
      vertex 40 43 444
    endloop
  endfacet
  facet normal 0 1 0
    outer loop
      vertex -40 43 444
      vertex 40 43 436
      vertex -40 43 436
    endloop
  endfacet
  facet normal -1 -0 0
    outer loop
      vertex -125 -215 118
      vertex -125 -224.962 112.86
      vertex -125 -215 148
    endloop
  endfacet
  facet normal -1 0 0
    outer loop
      vertex -125 -224.962 112.86
      vertex -125 -215 118
      vertex -125 -213.939 118
    endloop
  endfacet
  facet normal -1 0 0
    outer loop
      vertex -125 -215 148
      vertex -125 -211.038 213.14
      vertex -125 -180.662 148
    endloop
  endfacet
  facet normal -1 0 0
    outer loop
      vertex -125 -260.885 189.896
      vertex -125 -215 148
      vertex -125 -224.962 112.86
    endloop
  endfacet
  facet normal -1 0 0
    outer loop
      vertex -125 -215 148
      vertex -125 -260.885 189.896
      vertex -125 -211.038 213.14
    endloop
  endfacet
  facet normal -5.51623e-06 -0.422618 0.906308
    outer loop
      vertex 125 -211.038 213.14
      vertex 69 -242.746 198.354
      vertex 125 -260.885 189.896
    endloop
  endfacet
  facet normal 0 -0.422626 0.906304
    outer loop
      vertex 125 -211.038 213.14
      vertex -69 -242.746 198.354
      vertex 69 -242.746 198.354
    endloop
  endfacet
  facet normal 5.51623e-06 -0.422618 0.906308
    outer loop
      vertex -125 -260.885 189.896
      vertex -69 -242.746 198.354
      vertex -125 -211.038 213.14
    endloop
  endfacet
  facet normal 0 -0.422626 0.906304
    outer loop
      vertex -125 -211.038 213.14
      vertex -69 -242.746 198.354
      vertex 125 -211.038 213.14
    endloop
  endfacet
  facet normal 2.22977e-06 -0.422598 0.906317
    outer loop
      vertex 69 -249.997 194.973
      vertex 125 -260.885 189.896
      vertex 69 -242.746 198.354
    endloop
  endfacet
  facet normal 0 -0.422607 0.906313
    outer loop
      vertex -69 -249.997 194.973
      vertex 125 -260.885 189.896
      vertex 69 -249.997 194.973
    endloop
  endfacet
  facet normal 0 -0.422607 0.906313
    outer loop
      vertex -69 -249.997 194.973
      vertex -125 -260.885 189.896
      vertex 125 -260.885 189.896
    endloop
  endfacet
  facet normal -2.22977e-06 -0.422598 0.906317
    outer loop
      vertex -69 -242.746 198.354
      vertex -125 -260.885 189.896
      vertex -69 -249.997 194.973
    endloop
  endfacet
  facet normal 1 0 0
    outer loop
      vertex 125 -211.038 213.14
      vertex 125 -215 148
      vertex 125 -180.662 148
    endloop
  endfacet
  facet normal 1 0 0
    outer loop
      vertex 125 -215 148
      vertex 125 -224.962 112.86
      vertex 125 -215 118
    endloop
  endfacet
  facet normal 1 -0 0
    outer loop
      vertex 125 -260.885 189.896
      vertex 125 -215 148
      vertex 125 -211.038 213.14
    endloop
  endfacet
  facet normal 1 0 0
    outer loop
      vertex 125 -215 148
      vertex 125 -260.885 189.896
      vertex 125 -224.962 112.86
    endloop
  endfacet
  facet normal 1 0 0
    outer loop
      vertex 125 -213.939 118
      vertex 125 -215 118
      vertex 125 -224.962 112.86
    endloop
  endfacet
  facet normal 0 0.906306 0.422622
    outer loop
      vertex -98 -181.595 150
      vertex -110 -189.056 166
      vertex -98 -189.056 166
    endloop
  endfacet
  facet normal 0 0.906306 0.422622
    outer loop
      vertex -110 -189.056 166
      vertex -98 -181.595 150
      vertex -110 -181.595 150
    endloop
  endfacet
  facet normal 0 0.906306 0.422622
    outer loop
      vertex -72 -181.595 150
      vertex -84 -189.056 166
      vertex -72 -189.056 166
    endloop
  endfacet
  facet normal 0 0.906306 0.422622
    outer loop
      vertex -84 -189.056 166
      vertex -72 -181.595 150
      vertex -84 -181.595 150
    endloop
  endfacet
  facet normal 0 0.906306 0.422622
    outer loop
      vertex -46 -181.595 150
      vertex -58 -189.056 166
      vertex -46 -189.056 166
    endloop
  endfacet
  facet normal 0 0.906306 0.422622
    outer loop
      vertex -58 -189.056 166
      vertex -46 -181.595 150
      vertex -58 -181.595 150
    endloop
  endfacet
  facet normal 0 0.906306 0.422622
    outer loop
      vertex -20 -181.595 150
      vertex -32 -189.056 166
      vertex -20 -189.056 166
    endloop
  endfacet
  facet normal 0 0.906306 0.422622
    outer loop
      vertex -32 -189.056 166
      vertex -20 -181.595 150
      vertex -32 -181.595 150
    endloop
  endfacet
  facet normal 0 0.906306 0.422622
    outer loop
      vertex 6 -181.595 150
      vertex -6 -189.056 166
      vertex 6 -189.056 166
    endloop
  endfacet
  facet normal 0 0.906306 0.422622
    outer loop
      vertex -6 -189.056 166
      vertex 6 -181.595 150
      vertex -6 -181.595 150
    endloop
  endfacet
  facet normal 0 0.906306 0.422622
    outer loop
      vertex 32 -181.595 150
      vertex 20 -189.056 166
      vertex 32 -189.056 166
    endloop
  endfacet
  facet normal 0 0.906306 0.422622
    outer loop
      vertex 20 -189.056 166
      vertex 32 -181.595 150
      vertex 20 -181.595 150
    endloop
  endfacet
  facet normal 0 0.906306 0.422622
    outer loop
      vertex 58 -181.595 150
      vertex 46 -189.056 166
      vertex 58 -189.056 166
    endloop
  endfacet
  facet normal 0 0.906306 0.422622
    outer loop
      vertex 46 -189.056 166
      vertex 58 -181.595 150
      vertex 46 -181.595 150
    endloop
  endfacet
  facet normal 0 0.906306 0.422622
    outer loop
      vertex 84 -181.595 150
      vertex 72 -189.056 166
      vertex 84 -189.056 166
    endloop
  endfacet
  facet normal 0 0.906306 0.422622
    outer loop
      vertex 72 -189.056 166
      vertex 84 -181.595 150
      vertex 72 -181.595 150
    endloop
  endfacet
  facet normal 0 0.906306 0.422622
    outer loop
      vertex 110 -181.595 150
      vertex 98 -189.056 166
      vertex 110 -189.056 166
    endloop
  endfacet
  facet normal 0 0.906306 0.422622
    outer loop
      vertex 98 -189.056 166
      vertex 110 -181.595 150
      vertex 98 -181.595 150
    endloop
  endfacet
  facet normal -0 0.906306 0.422622
    outer loop
      vertex 110 -189.056 166
      vertex 125 -211.038 213.14
      vertex 124 -189.056 166
    endloop
  endfacet
  facet normal -0.00023875 0.906304 0.422626
    outer loop
      vertex 125 -180.662 148
      vertex 124 -189.056 166
      vertex 125 -211.038 213.14
    endloop
  endfacet
  facet normal 0 0.906241 0.422761
    outer loop
      vertex 125 -180.662 148
      vertex 110 -181.595 150
      vertex 124 -181.595 150
    endloop
  endfacet
  facet normal 0 0.906241 0.422761
    outer loop
      vertex 110 -181.595 150
      vertex 125 -180.662 148
      vertex 98 -181.595 150
    endloop
  endfacet
  facet normal 0 0.906241 0.422761
    outer loop
      vertex 98 -181.595 150
      vertex 125 -180.662 148
      vertex 84 -181.595 150
    endloop
  endfacet
  facet normal 0 0.906241 0.422761
    outer loop
      vertex 84 -181.595 150
      vertex 125 -180.662 148
      vertex 72 -181.595 150
    endloop
  endfacet
  facet normal 0 0.906241 0.422761
    outer loop
      vertex 72 -181.595 150
      vertex 125 -180.662 148
      vertex 58 -181.595 150
    endloop
  endfacet
  facet normal 0 0.906241 0.422761
    outer loop
      vertex 58 -181.595 150
      vertex 125 -180.662 148
      vertex 46 -181.595 150
    endloop
  endfacet
  facet normal 0 0.906241 0.422761
    outer loop
      vertex 46 -181.595 150
      vertex 125 -180.662 148
      vertex 32 -181.595 150
    endloop
  endfacet
  facet normal 0 0.906241 0.422761
    outer loop
      vertex 32 -181.595 150
      vertex 125 -180.662 148
      vertex 20 -181.595 150
    endloop
  endfacet
  facet normal 0 0.906241 0.422761
    outer loop
      vertex 20 -181.595 150
      vertex 125 -180.662 148
      vertex 6 -181.595 150
    endloop
  endfacet
  facet normal 0 0.906241 0.422761
    outer loop
      vertex 6 -181.595 150
      vertex 125 -180.662 148
      vertex -6 -181.595 150
    endloop
  endfacet
  facet normal 0 0.906241 0.422761
    outer loop
      vertex -6 -181.595 150
      vertex 125 -180.662 148
      vertex -20 -181.595 150
    endloop
  endfacet
  facet normal 0 0.906241 0.422761
    outer loop
      vertex -20 -181.595 150
      vertex 125 -180.662 148
      vertex -32 -181.595 150
    endloop
  endfacet
  facet normal -0 0.906241 0.422761
    outer loop
      vertex -125 -180.662 148
      vertex -32 -181.595 150
      vertex 125 -180.662 148
    endloop
  endfacet
  facet normal 0 0.906241 0.422761
    outer loop
      vertex -32 -181.595 150
      vertex -125 -180.662 148
      vertex -46 -181.595 150
    endloop
  endfacet
  facet normal 0 0.906241 0.422761
    outer loop
      vertex -46 -181.595 150
      vertex -125 -180.662 148
      vertex -58 -181.595 150
    endloop
  endfacet
  facet normal 0 0.906241 0.422761
    outer loop
      vertex -58 -181.595 150
      vertex -125 -180.662 148
      vertex -72 -181.595 150
    endloop
  endfacet
  facet normal 0 0.906241 0.422761
    outer loop
      vertex -72 -181.595 150
      vertex -125 -180.662 148
      vertex -84 -181.595 150
    endloop
  endfacet
  facet normal 0 0.906241 0.422761
    outer loop
      vertex -84 -181.595 150
      vertex -125 -180.662 148
      vertex -98 -181.595 150
    endloop
  endfacet
  facet normal 0 0.906241 0.422761
    outer loop
      vertex -98 -181.595 150
      vertex -125 -180.662 148
      vertex -110 -181.595 150
    endloop
  endfacet
  facet normal -0.000339865 0.906306 0.422622
    outer loop
      vertex 124 -189.056 166
      vertex 125 -180.662 148
      vertex 124 -181.595 150
    endloop
  endfacet
  facet normal -0 0.906306 0.422622
    outer loop
      vertex 98 -189.056 166
      vertex 125 -211.038 213.14
      vertex 110 -189.056 166
    endloop
  endfacet
  facet normal -0 0.906306 0.422622
    outer loop
      vertex 84 -189.056 166
      vertex 125 -211.038 213.14
      vertex 98 -189.056 166
    endloop
  endfacet
  facet normal -0 0.906306 0.422622
    outer loop
      vertex 72 -189.056 166
      vertex 125 -211.038 213.14
      vertex 84 -189.056 166
    endloop
  endfacet
  facet normal -0 0.906306 0.422622
    outer loop
      vertex 58 -189.056 166
      vertex 125 -211.038 213.14
      vertex 72 -189.056 166
    endloop
  endfacet
  facet normal -0 0.906306 0.422622
    outer loop
      vertex 46 -189.056 166
      vertex 125 -211.038 213.14
      vertex 58 -189.056 166
    endloop
  endfacet
  facet normal -0 0.906306 0.422622
    outer loop
      vertex 32 -189.056 166
      vertex 125 -211.038 213.14
      vertex 46 -189.056 166
    endloop
  endfacet
  facet normal -0 0.906306 0.422622
    outer loop
      vertex 20 -189.056 166
      vertex 125 -211.038 213.14
      vertex 32 -189.056 166
    endloop
  endfacet
  facet normal -0 0.906306 0.422622
    outer loop
      vertex 6 -189.056 166
      vertex 125 -211.038 213.14
      vertex 20 -189.056 166
    endloop
  endfacet
  facet normal 0 0.906306 0.422622
    outer loop
      vertex 125 -211.038 213.14
      vertex 6 -189.056 166
      vertex -125 -211.038 213.14
    endloop
  endfacet
  facet normal -0 0.906306 0.422622
    outer loop
      vertex -6 -189.056 166
      vertex -125 -211.038 213.14
      vertex 6 -189.056 166
    endloop
  endfacet
  facet normal -0 0.906306 0.422622
    outer loop
      vertex -20 -189.056 166
      vertex -125 -211.038 213.14
      vertex -6 -189.056 166
    endloop
  endfacet
  facet normal -0 0.906306 0.422622
    outer loop
      vertex -32 -189.056 166
      vertex -125 -211.038 213.14
      vertex -20 -189.056 166
    endloop
  endfacet
  facet normal -0 0.906306 0.422622
    outer loop
      vertex -46 -189.056 166
      vertex -125 -211.038 213.14
      vertex -32 -189.056 166
    endloop
  endfacet
  facet normal -0 0.906306 0.422622
    outer loop
      vertex -58 -189.056 166
      vertex -125 -211.038 213.14
      vertex -46 -189.056 166
    endloop
  endfacet
  facet normal -0 0.906306 0.422622
    outer loop
      vertex -72 -189.056 166
      vertex -125 -211.038 213.14
      vertex -58 -189.056 166
    endloop
  endfacet
  facet normal -0 0.906306 0.422622
    outer loop
      vertex -84 -189.056 166
      vertex -125 -211.038 213.14
      vertex -72 -189.056 166
    endloop
  endfacet
  facet normal -0 0.906306 0.422622
    outer loop
      vertex -98 -189.056 166
      vertex -125 -211.038 213.14
      vertex -84 -189.056 166
    endloop
  endfacet
  facet normal -0 0.906306 0.422622
    outer loop
      vertex -110 -189.056 166
      vertex -125 -211.038 213.14
      vertex -98 -189.056 166
    endloop
  endfacet
  facet normal -0 0.906306 0.422622
    outer loop
      vertex -124 -189.056 166
      vertex -125 -211.038 213.14
      vertex -110 -189.056 166
    endloop
  endfacet
  facet normal 0.000339865 0.906306 0.422622
    outer loop
      vertex -125 -180.662 148
      vertex -124 -189.056 166
      vertex -124 -181.595 150
    endloop
  endfacet
  facet normal 0.00023875 0.906304 0.422626
    outer loop
      vertex -124 -189.056 166
      vertex -125 -180.662 148
      vertex -125 -211.038 213.14
    endloop
  endfacet
  facet normal 0 0.906241 0.422761
    outer loop
      vertex -110 -181.595 150
      vertex -125 -180.662 148
      vertex -124 -181.595 150
    endloop
  endfacet
  facet normal 0 0.422611 -0.906311
    outer loop
      vertex -125 -224.962 112.86
      vertex 125 -213.939 118
      vertex 125 -224.962 112.86
    endloop
  endfacet
  facet normal 0 0.422611 -0.906311
    outer loop
      vertex 125 -213.939 118
      vertex -125 -224.962 112.86
      vertex -125 -213.939 118
    endloop
  endfacet
  facet normal 0 -0.906305 -0.422623
    outer loop
      vertex -125 -224.962 112.86
      vertex 125 -260.885 189.896
      vertex -125 -260.885 189.896
    endloop
  endfacet
  facet normal 0 -0.906305 -0.422623
    outer loop
      vertex 125 -260.885 189.896
      vertex -125 -224.962 112.86
      vertex 125 -224.962 112.86
    endloop
  endfacet
  facet normal -1 0 0
    outer loop
      vertex -69 -249.997 194.973
      vertex -69 -248.631 210.973
      vertex -69 -242.746 198.354
    endloop
  endfacet
  facet normal -1 0 0
    outer loop
      vertex -69 -248.631 210.973
      vertex -69 -249.997 194.973
      vertex -69 -255.881 207.592
    endloop
  endfacet
  facet normal 0 -0.422646 0.906295
    outer loop
      vertex -69 -248.631 210.973
      vertex 69 -255.881 207.592
      vertex 69 -248.631 210.973
    endloop
  endfacet
  facet normal 0 -0.422646 0.906295
    outer loop
      vertex 69 -255.881 207.592
      vertex -69 -248.631 210.973
      vertex -69 -255.881 207.592
    endloop
  endfacet
  facet normal 1 0 0
    outer loop
      vertex 69 -248.631 210.973
      vertex 69 -249.997 194.973
      vertex 69 -242.746 198.354
    endloop
  endfacet
  facet normal 1 0 -0
    outer loop
      vertex 69 -249.997 194.973
      vertex 69 -248.631 210.973
      vertex 69 -255.881 207.592
    endloop
  endfacet
  facet normal 0 -0.906317 -0.422598
    outer loop
      vertex -69 -249.997 194.973
      vertex 69 -255.881 207.592
      vertex -69 -255.881 207.592
    endloop
  endfacet
  facet normal 0 -0.906317 -0.422598
    outer loop
      vertex 69 -255.881 207.592
      vertex -69 -249.997 194.973
      vertex 69 -249.997 194.973
    endloop
  endfacet
  facet normal 0 0.90629 0.422657
    outer loop
      vertex 69 -242.746 198.354
      vertex -69 -248.631 210.973
      vertex 69 -248.631 210.973
    endloop
  endfacet
  facet normal 0 0.90629 0.422657
    outer loop
      vertex -69 -248.631 210.973
      vertex 69 -242.746 198.354
      vertex -69 -242.746 198.354
    endloop
  endfacet
  facet normal 0.819124 0.573616 0
    outer loop
      vertex 192.321 -230 198
      vertex 190.321 -227.144 180
      vertex 190.321 -227.144 198
    endloop
  endfacet
  facet normal 0.819124 0.573616 0
    outer loop
      vertex 190.321 -227.144 180
      vertex 192.321 -230 198
      vertex 192.321 -230 180
    endloop
  endfacet
  facet normal 0 0 -1
    outer loop
      vertex 194.696 -243.473 180
      vertex 194.696 -236.527 180
      vertex 195 -240 180
    endloop
  endfacet
  facet normal 0 0 -1
    outer loop
      vertex 193.794 -246.84 180
      vertex 194.696 -236.527 180
      vertex 194.696 -243.473 180
    endloop
  endfacet
  facet normal 0 0 -1
    outer loop
      vertex 193.794 -246.84 180
      vertex 193.794 -233.16 180
      vertex 194.696 -236.527 180
    endloop
  endfacet
  facet normal 0 0 -1
    outer loop
      vertex 192.321 -250 180
      vertex 193.794 -233.16 180
      vertex 193.794 -246.84 180
    endloop
  endfacet
  facet normal 0 0 -1
    outer loop
      vertex 192.321 -250 180
      vertex 192.321 -230 180
      vertex 193.794 -233.16 180
    endloop
  endfacet
  facet normal 0 0 -1
    outer loop
      vertex 190.321 -252.856 180
      vertex 192.321 -230 180
      vertex 192.321 -250 180
    endloop
  endfacet
  facet normal 0 0 -1
    outer loop
      vertex 190.321 -252.856 180
      vertex 190.321 -227.144 180
      vertex 192.321 -230 180
    endloop
  endfacet
  facet normal 0 0 -1
    outer loop
      vertex 187.856 -255.321 180
      vertex 190.321 -227.144 180
      vertex 190.321 -252.856 180
    endloop
  endfacet
  facet normal 0 0 -1
    outer loop
      vertex 187.856 -255.321 180
      vertex 187.856 -224.679 180
      vertex 190.321 -227.144 180
    endloop
  endfacet
  facet normal 0 0 -1
    outer loop
      vertex 185 -257.32 180
      vertex 187.856 -224.679 180
      vertex 187.856 -255.321 180
    endloop
  endfacet
  facet normal 0 0 -1
    outer loop
      vertex 185 -257.32 180
      vertex 185 -222.679 180
      vertex 187.856 -224.679 180
    endloop
  endfacet
  facet normal 0 0 -1
    outer loop
      vertex 181.84 -258.794 180
      vertex 185 -222.679 180
      vertex 185 -257.32 180
    endloop
  endfacet
  facet normal 0 0 -1
    outer loop
      vertex 181.84 -258.794 180
      vertex 181.84 -221.206 180
      vertex 185 -222.679 180
    endloop
  endfacet
  facet normal 0 0 -1
    outer loop
      vertex 178.473 -259.696 180
      vertex 181.84 -221.206 180
      vertex 181.84 -258.794 180
    endloop
  endfacet
  facet normal 0 0 -1
    outer loop
      vertex 178.473 -259.696 180
      vertex 178.473 -220.304 180
      vertex 181.84 -221.206 180
    endloop
  endfacet
  facet normal 0 0 -1
    outer loop
      vertex 175 -260 180
      vertex 178.473 -220.304 180
      vertex 178.473 -259.696 180
    endloop
  endfacet
  facet normal 0 0 -1
    outer loop
      vertex 175 -260 180
      vertex 175 -220 180
      vertex 178.473 -220.304 180
    endloop
  endfacet
  facet normal 0 0 -1
    outer loop
      vertex 171.527 -259.696 180
      vertex 175 -220 180
      vertex 175 -260 180
    endloop
  endfacet
  facet normal 0 0 -1
    outer loop
      vertex 171.527 -259.696 180
      vertex 171.527 -220.304 180
      vertex 175 -220 180
    endloop
  endfacet
  facet normal 0 0 -1
    outer loop
      vertex 168.16 -258.794 180
      vertex 171.527 -220.304 180
      vertex 171.527 -259.696 180
    endloop
  endfacet
  facet normal 0 0 -1
    outer loop
      vertex 168.16 -258.794 180
      vertex 168.16 -221.206 180
      vertex 171.527 -220.304 180
    endloop
  endfacet
  facet normal 0 0 -1
    outer loop
      vertex 165 -257.32 180
      vertex 168.16 -221.206 180
      vertex 168.16 -258.794 180
    endloop
  endfacet
  facet normal 0 0 -1
    outer loop
      vertex 165 -257.32 180
      vertex 165 -222.679 180
      vertex 168.16 -221.206 180
    endloop
  endfacet
  facet normal 0 0 -1
    outer loop
      vertex 162.144 -255.321 180
      vertex 165 -222.679 180
      vertex 165 -257.32 180
    endloop
  endfacet
  facet normal 0 0 -1
    outer loop
      vertex 162.144 -255.321 180
      vertex 162.144 -224.679 180
      vertex 165 -222.679 180
    endloop
  endfacet
  facet normal 0 0 -1
    outer loop
      vertex 159.679 -252.856 180
      vertex 162.144 -224.679 180
      vertex 162.144 -255.321 180
    endloop
  endfacet
  facet normal 0 0 -1
    outer loop
      vertex 159.679 -252.856 180
      vertex 159.679 -227.144 180
      vertex 162.144 -224.679 180
    endloop
  endfacet
  facet normal 0 0 -1
    outer loop
      vertex 157.679 -250 180
      vertex 159.679 -227.144 180
      vertex 159.679 -252.856 180
    endloop
  endfacet
  facet normal 0 0 -1
    outer loop
      vertex 157.679 -250 180
      vertex 157.679 -230 180
      vertex 159.679 -227.144 180
    endloop
  endfacet
  facet normal 0 0 -1
    outer loop
      vertex 156.206 -246.84 180
      vertex 157.679 -230 180
      vertex 157.679 -250 180
    endloop
  endfacet
  facet normal 0 0 -1
    outer loop
      vertex 156.206 -246.84 180
      vertex 156.206 -233.16 180
      vertex 157.679 -230 180
    endloop
  endfacet
  facet normal 0 0 -1
    outer loop
      vertex 155.304 -243.473 180
      vertex 156.206 -233.16 180
      vertex 156.206 -246.84 180
    endloop
  endfacet
  facet normal 0 0 -1
    outer loop
      vertex 155.304 -243.473 180
      vertex 155.304 -236.527 180
      vertex 156.206 -233.16 180
    endloop
  endfacet
  facet normal 0 -0 -1
    outer loop
      vertex 155.304 -236.527 180
      vertex 155.304 -243.473 180
      vertex 155 -240 180
    endloop
  endfacet
  facet normal 0.707107 0.707107 0
    outer loop
      vertex 190.321 -227.144 198
      vertex 187.856 -224.679 180
      vertex 187.856 -224.679 198
    endloop
  endfacet
  facet normal 0.707107 0.707107 0
    outer loop
      vertex 187.856 -224.679 180
      vertex 190.321 -227.144 198
      vertex 190.321 -227.144 180
    endloop
  endfacet
  facet normal 0.087199 0.996191 -0
    outer loop
      vertex 178.473 -220.304 180
      vertex 175 -220 198
      vertex 178.473 -220.304 198
    endloop
  endfacet
  facet normal 0.087199 0.996191 0
    outer loop
      vertex 175 -220 198
      vertex 178.473 -220.304 180
      vertex 175 -220 180
    endloop
  endfacet
  facet normal 0.25877 0.965939 -0
    outer loop
      vertex 181.84 -221.206 180
      vertex 178.473 -220.304 198
      vertex 181.84 -221.206 198
    endloop
  endfacet
  facet normal 0.25877 0.965939 0
    outer loop
      vertex 178.473 -220.304 198
      vertex 181.84 -221.206 180
      vertex 178.473 -220.304 180
    endloop
  endfacet
  facet normal -0.422493 0.906366 0
    outer loop
      vertex 168.16 -221.206 180
      vertex 165 -222.679 198
      vertex 168.16 -221.206 198
    endloop
  endfacet
  facet normal -0.422493 0.906366 0
    outer loop
      vertex 165 -222.679 198
      vertex 168.16 -221.206 180
      vertex 165 -222.679 180
    endloop
  endfacet
  facet normal -0.965939 0.25877 0
    outer loop
      vertex 155.304 -236.527 180
      vertex 156.206 -233.16 198
      vertex 156.206 -233.16 180
    endloop
  endfacet
  facet normal -0.965939 0.25877 0
    outer loop
      vertex 156.206 -233.16 198
      vertex 155.304 -236.527 180
      vertex 155.304 -236.527 198
    endloop
  endfacet
  facet normal 0.996191 -0.087199 0
    outer loop
      vertex 194.696 -243.473 198
      vertex 195 -240 180
      vertex 195 -240 198
    endloop
  endfacet
  facet normal 0.996191 -0.087199 0
    outer loop
      vertex 195 -240 180
      vertex 194.696 -243.473 198
      vertex 194.696 -243.473 180
    endloop
  endfacet
  facet normal 0.25877 -0.965939 0
    outer loop
      vertex 178.473 -259.696 180
      vertex 181.84 -258.794 198
      vertex 178.473 -259.696 198
    endloop
  endfacet
  facet normal 0.25877 -0.965939 0
    outer loop
      vertex 181.84 -258.794 198
      vertex 178.473 -259.696 180
      vertex 181.84 -258.794 180
    endloop
  endfacet
  facet normal 0.573616 0.819124 -0
    outer loop
      vertex 187.856 -224.679 180
      vertex 185 -222.679 198
      vertex 187.856 -224.679 198
    endloop
  endfacet
  facet normal 0.573616 0.819124 0
    outer loop
      vertex 185 -222.679 198
      vertex 187.856 -224.679 180
      vertex 185 -222.679 180
    endloop
  endfacet
  facet normal -0.087199 0.996191 0
    outer loop
      vertex 175 -220 180
      vertex 171.527 -220.304 198
      vertex 175 -220 198
    endloop
  endfacet
  facet normal -0.087199 0.996191 0
    outer loop
      vertex 171.527 -220.304 198
      vertex 175 -220 180
      vertex 171.527 -220.304 180
    endloop
  endfacet
  facet normal 0.422493 0.906366 -0
    outer loop
      vertex 185 -222.679 180
      vertex 181.84 -221.206 198
      vertex 185 -222.679 198
    endloop
  endfacet
  facet normal 0.422493 0.906366 0
    outer loop
      vertex 181.84 -221.206 198
      vertex 185 -222.679 180
      vertex 181.84 -221.206 180
    endloop
  endfacet
  facet normal -0.996191 -0.087199 0
    outer loop
      vertex 155.304 -243.473 180
      vertex 155 -240 198
      vertex 155 -240 180
    endloop
  endfacet
  facet normal -0.996191 -0.087199 0
    outer loop
      vertex 155 -240 198
      vertex 155.304 -243.473 180
      vertex 155.304 -243.473 198
    endloop
  endfacet
  facet normal -0.819124 0.573616 0
    outer loop
      vertex 157.679 -230 180
      vertex 159.679 -227.144 198
      vertex 159.679 -227.144 180
    endloop
  endfacet
  facet normal -0.819124 0.573616 0
    outer loop
      vertex 159.679 -227.144 198
      vertex 157.679 -230 180
      vertex 157.679 -230 198
    endloop
  endfacet
  facet normal -0.573616 0.819124 0
    outer loop
      vertex 165 -222.679 180
      vertex 162.144 -224.679 198
      vertex 165 -222.679 198
    endloop
  endfacet
  facet normal -0.573616 0.819124 0
    outer loop
      vertex 162.144 -224.679 198
      vertex 165 -222.679 180
      vertex 162.144 -224.679 180
    endloop
  endfacet
  facet normal -0.25877 0.965939 0
    outer loop
      vertex 171.527 -220.304 180
      vertex 168.16 -221.206 198
      vertex 171.527 -220.304 198
    endloop
  endfacet
  facet normal -0.25877 0.965939 0
    outer loop
      vertex 168.16 -221.206 198
      vertex 171.527 -220.304 180
      vertex 168.16 -221.206 180
    endloop
  endfacet
  facet normal -0.707107 0.707107 0
    outer loop
      vertex 159.679 -227.144 180
      vertex 162.144 -224.679 198
      vertex 162.144 -224.679 180
    endloop
  endfacet
  facet normal -0.707107 0.707107 0
    outer loop
      vertex 162.144 -224.679 198
      vertex 159.679 -227.144 180
      vertex 159.679 -227.144 198
    endloop
  endfacet
  facet normal 0.996191 0.087199 0
    outer loop
      vertex 195 -240 198
      vertex 194.696 -236.527 180
      vertex 194.696 -236.527 198
    endloop
  endfacet
  facet normal 0.996191 0.087199 0
    outer loop
      vertex 194.696 -236.527 180
      vertex 195 -240 198
      vertex 195 -240 180
    endloop
  endfacet
  facet normal -0.573424 -0.819259 0
    outer loop
      vertex 162.144 -255.321 180
      vertex 165 -257.32 198
      vertex 162.144 -255.321 198
    endloop
  endfacet
  facet normal -0.573424 -0.819259 -0
    outer loop
      vertex 165 -257.32 198
      vertex 162.144 -255.321 180
      vertex 165 -257.32 180
    endloop
  endfacet
  facet normal -0.819124 -0.573616 0
    outer loop
      vertex 159.679 -252.856 180
      vertex 157.679 -250 198
      vertex 157.679 -250 180
    endloop
  endfacet
  facet normal -0.819124 -0.573616 0
    outer loop
      vertex 157.679 -250 198
      vertex 159.679 -252.856 180
      vertex 159.679 -252.856 198
    endloop
  endfacet
  facet normal 0.573424 -0.819259 0
    outer loop
      vertex 185 -257.32 180
      vertex 187.856 -255.321 198
      vertex 185 -257.32 198
    endloop
  endfacet
  facet normal 0.573424 -0.819259 0
    outer loop
      vertex 187.856 -255.321 198
      vertex 185 -257.32 180
      vertex 187.856 -255.321 180
    endloop
  endfacet
  facet normal 0.906366 0.422493 0
    outer loop
      vertex 193.794 -233.16 198
      vertex 192.321 -230 180
      vertex 192.321 -230 198
    endloop
  endfacet
  facet normal 0.906366 0.422493 0
    outer loop
      vertex 192.321 -230 180
      vertex 193.794 -233.16 198
      vertex 193.794 -233.16 180
    endloop
  endfacet
  facet normal 0 0 1
    outer loop
      vertex 194.696 -236.527 198
      vertex 194.696 -243.473 198
      vertex 195 -240 198
    endloop
  endfacet
  facet normal 0 0 1
    outer loop
      vertex 193.794 -233.16 198
      vertex 194.696 -243.473 198
      vertex 194.696 -236.527 198
    endloop
  endfacet
  facet normal 0 0 1
    outer loop
      vertex 193.794 -233.16 198
      vertex 193.794 -246.84 198
      vertex 194.696 -243.473 198
    endloop
  endfacet
  facet normal 0 0 1
    outer loop
      vertex 192.321 -230 198
      vertex 193.794 -246.84 198
      vertex 193.794 -233.16 198
    endloop
  endfacet
  facet normal 0 0 1
    outer loop
      vertex 192.321 -230 198
      vertex 192.321 -250 198
      vertex 193.794 -246.84 198
    endloop
  endfacet
  facet normal 0 0 1
    outer loop
      vertex 190.321 -227.144 198
      vertex 192.321 -250 198
      vertex 192.321 -230 198
    endloop
  endfacet
  facet normal 0 0 1
    outer loop
      vertex 190.321 -227.144 198
      vertex 190.321 -252.856 198
      vertex 192.321 -250 198
    endloop
  endfacet
  facet normal 0 0 1
    outer loop
      vertex 187.856 -224.679 198
      vertex 190.321 -252.856 198
      vertex 190.321 -227.144 198
    endloop
  endfacet
  facet normal 0 0 1
    outer loop
      vertex 187.856 -224.679 198
      vertex 187.856 -255.321 198
      vertex 190.321 -252.856 198
    endloop
  endfacet
  facet normal 0 0 1
    outer loop
      vertex 185 -222.679 198
      vertex 187.856 -255.321 198
      vertex 187.856 -224.679 198
    endloop
  endfacet
  facet normal 0 0 1
    outer loop
      vertex 185 -222.679 198
      vertex 185 -257.32 198
      vertex 187.856 -255.321 198
    endloop
  endfacet
  facet normal 0 0 1
    outer loop
      vertex 181.84 -221.206 198
      vertex 185 -257.32 198
      vertex 185 -222.679 198
    endloop
  endfacet
  facet normal 0 0 1
    outer loop
      vertex 181.84 -221.206 198
      vertex 181.84 -258.794 198
      vertex 185 -257.32 198
    endloop
  endfacet
  facet normal 0 0 1
    outer loop
      vertex 178.473 -220.304 198
      vertex 181.84 -258.794 198
      vertex 181.84 -221.206 198
    endloop
  endfacet
  facet normal 0 0 1
    outer loop
      vertex 178.473 -220.304 198
      vertex 178.473 -259.696 198
      vertex 181.84 -258.794 198
    endloop
  endfacet
  facet normal 0 0 1
    outer loop
      vertex 175 -220 198
      vertex 178.473 -259.696 198
      vertex 178.473 -220.304 198
    endloop
  endfacet
  facet normal 0 0 1
    outer loop
      vertex 175 -220 198
      vertex 175 -260 198
      vertex 178.473 -259.696 198
    endloop
  endfacet
  facet normal -0 0 1
    outer loop
      vertex 171.527 -220.304 198
      vertex 175 -260 198
      vertex 175 -220 198
    endloop
  endfacet
  facet normal 0 0 1
    outer loop
      vertex 171.527 -220.304 198
      vertex 171.527 -259.696 198
      vertex 175 -260 198
    endloop
  endfacet
  facet normal -0 0 1
    outer loop
      vertex 168.16 -221.206 198
      vertex 171.527 -259.696 198
      vertex 171.527 -220.304 198
    endloop
  endfacet
  facet normal 0 0 1
    outer loop
      vertex 168.16 -221.206 198
      vertex 168.16 -258.794 198
      vertex 171.527 -259.696 198
    endloop
  endfacet
  facet normal -0 0 1
    outer loop
      vertex 165 -222.679 198
      vertex 168.16 -258.794 198
      vertex 168.16 -221.206 198
    endloop
  endfacet
  facet normal 0 0 1
    outer loop
      vertex 165 -222.679 198
      vertex 165 -257.32 198
      vertex 168.16 -258.794 198
    endloop
  endfacet
  facet normal -0 0 1
    outer loop
      vertex 162.144 -224.679 198
      vertex 165 -257.32 198
      vertex 165 -222.679 198
    endloop
  endfacet
  facet normal 0 0 1
    outer loop
      vertex 162.144 -224.679 198
      vertex 162.144 -255.321 198
      vertex 165 -257.32 198
    endloop
  endfacet
  facet normal -0 0 1
    outer loop
      vertex 159.679 -227.144 198
      vertex 162.144 -255.321 198
      vertex 162.144 -224.679 198
    endloop
  endfacet
  facet normal 0 0 1
    outer loop
      vertex 159.679 -227.144 198
      vertex 159.679 -252.856 198
      vertex 162.144 -255.321 198
    endloop
  endfacet
  facet normal -0 0 1
    outer loop
      vertex 157.679 -230 198
      vertex 159.679 -252.856 198
      vertex 159.679 -227.144 198
    endloop
  endfacet
  facet normal 0 0 1
    outer loop
      vertex 157.679 -230 198
      vertex 157.679 -250 198
      vertex 159.679 -252.856 198
    endloop
  endfacet
  facet normal -0 0 1
    outer loop
      vertex 156.206 -233.16 198
      vertex 157.679 -250 198
      vertex 157.679 -230 198
    endloop
  endfacet
  facet normal 0 0 1
    outer loop
      vertex 156.206 -233.16 198
      vertex 156.206 -246.84 198
      vertex 157.679 -250 198
    endloop
  endfacet
  facet normal -0 0 1
    outer loop
      vertex 155.304 -236.527 198
      vertex 156.206 -246.84 198
      vertex 156.206 -233.16 198
    endloop
  endfacet
  facet normal 0 0 1
    outer loop
      vertex 155.304 -236.527 198
      vertex 155.304 -243.473 198
      vertex 156.206 -246.84 198
    endloop
  endfacet
  facet normal 0 -0 1
    outer loop
      vertex 155.304 -243.473 198
      vertex 155.304 -236.527 198
      vertex 155 -240 198
    endloop
  endfacet
  facet normal -0.996191 0.087199 0
    outer loop
      vertex 155 -240 180
      vertex 155.304 -236.527 198
      vertex 155.304 -236.527 180
    endloop
  endfacet
  facet normal -0.996191 0.087199 0
    outer loop
      vertex 155.304 -236.527 198
      vertex 155 -240 180
      vertex 155 -240 198
    endloop
  endfacet
  facet normal -0.906366 0.422493 0
    outer loop
      vertex 156.206 -233.16 180
      vertex 157.679 -230 198
      vertex 157.679 -230 180
    endloop
  endfacet
  facet normal -0.906366 0.422493 0
    outer loop
      vertex 157.679 -230 198
      vertex 156.206 -233.16 180
      vertex 156.206 -233.16 198
    endloop
  endfacet
  facet normal 0.906366 -0.422493 0
    outer loop
      vertex 192.321 -250 198
      vertex 193.794 -246.84 180
      vertex 193.794 -246.84 198
    endloop
  endfacet
  facet normal 0.906366 -0.422493 0
    outer loop
      vertex 193.794 -246.84 180
      vertex 192.321 -250 198
      vertex 192.321 -250 180
    endloop
  endfacet
  facet normal 0.087199 -0.996191 0
    outer loop
      vertex 175 -260 180
      vertex 178.473 -259.696 198
      vertex 175 -260 198
    endloop
  endfacet
  facet normal 0.087199 -0.996191 0
    outer loop
      vertex 178.473 -259.696 198
      vertex 175 -260 180
      vertex 178.473 -259.696 180
    endloop
  endfacet
  facet normal -0.965939 -0.25877 0
    outer loop
      vertex 156.206 -246.84 180
      vertex 155.304 -243.473 198
      vertex 155.304 -243.473 180
    endloop
  endfacet
  facet normal -0.965939 -0.25877 0
    outer loop
      vertex 155.304 -243.473 198
      vertex 156.206 -246.84 180
      vertex 156.206 -246.84 198
    endloop
  endfacet
  facet normal -0.707107 -0.707107 0
    outer loop
      vertex 162.144 -255.321 180
      vertex 159.679 -252.856 198
      vertex 159.679 -252.856 180
    endloop
  endfacet
  facet normal -0.707107 -0.707107 0
    outer loop
      vertex 159.679 -252.856 198
      vertex 162.144 -255.321 180
      vertex 162.144 -255.321 198
    endloop
  endfacet
  facet normal 0.422728 -0.906256 0
    outer loop
      vertex 181.84 -258.794 180
      vertex 185 -257.32 198
      vertex 181.84 -258.794 198
    endloop
  endfacet
  facet normal 0.422728 -0.906256 0
    outer loop
      vertex 185 -257.32 198
      vertex 181.84 -258.794 180
      vertex 185 -257.32 180
    endloop
  endfacet
  facet normal 0.819124 -0.573616 0
    outer loop
      vertex 190.321 -252.856 198
      vertex 192.321 -250 180
      vertex 192.321 -250 198
    endloop
  endfacet
  facet normal 0.819124 -0.573616 0
    outer loop
      vertex 192.321 -250 180
      vertex 190.321 -252.856 198
      vertex 190.321 -252.856 180
    endloop
  endfacet
  facet normal 0.965939 0.25877 0
    outer loop
      vertex 194.696 -236.527 198
      vertex 193.794 -233.16 180
      vertex 193.794 -233.16 198
    endloop
  endfacet
  facet normal 0.965939 0.25877 0
    outer loop
      vertex 193.794 -233.16 180
      vertex 194.696 -236.527 198
      vertex 194.696 -236.527 180
    endloop
  endfacet
  facet normal 0.965939 -0.25877 0
    outer loop
      vertex 193.794 -246.84 198
      vertex 194.696 -243.473 180
      vertex 194.696 -243.473 198
    endloop
  endfacet
  facet normal 0.965939 -0.25877 0
    outer loop
      vertex 194.696 -243.473 180
      vertex 193.794 -246.84 198
      vertex 193.794 -246.84 180
    endloop
  endfacet
  facet normal -0.25877 -0.965939 0
    outer loop
      vertex 168.16 -258.794 180
      vertex 171.527 -259.696 198
      vertex 168.16 -258.794 198
    endloop
  endfacet
  facet normal -0.25877 -0.965939 -0
    outer loop
      vertex 171.527 -259.696 198
      vertex 168.16 -258.794 180
      vertex 171.527 -259.696 180
    endloop
  endfacet
  facet normal -0.906366 -0.422493 0
    outer loop
      vertex 157.679 -250 180
      vertex 156.206 -246.84 198
      vertex 156.206 -246.84 180
    endloop
  endfacet
  facet normal -0.906366 -0.422493 0
    outer loop
      vertex 156.206 -246.84 198
      vertex 157.679 -250 180
      vertex 157.679 -250 198
    endloop
  endfacet
  facet normal 0.707107 -0.707107 0
    outer loop
      vertex 187.856 -255.321 198
      vertex 190.321 -252.856 180
      vertex 190.321 -252.856 198
    endloop
  endfacet
  facet normal 0.707107 -0.707107 0
    outer loop
      vertex 190.321 -252.856 180
      vertex 187.856 -255.321 198
      vertex 187.856 -255.321 180
    endloop
  endfacet
  facet normal -0.422728 -0.906256 0
    outer loop
      vertex 165 -257.32 180
      vertex 168.16 -258.794 198
      vertex 165 -257.32 198
    endloop
  endfacet
  facet normal -0.422728 -0.906256 -0
    outer loop
      vertex 168.16 -258.794 198
      vertex 165 -257.32 180
      vertex 168.16 -258.794 180
    endloop
  endfacet
  facet normal -0.087199 -0.996191 0
    outer loop
      vertex 171.527 -259.696 180
      vertex 175 -260 198
      vertex 171.527 -259.696 198
    endloop
  endfacet
  facet normal -0.087199 -0.996191 -0
    outer loop
      vertex 175 -260 198
      vertex 171.527 -259.696 180
      vertex 175 -260 180
    endloop
  endfacet
  facet normal -1 0 0
    outer loop
      vertex -199 -45 199.685
      vertex -199 -39 447.5
      vertex -199 -39 199.685
    endloop
  endfacet
  facet normal -1 -0 0
    outer loop
      vertex -199 -39 447.5
      vertex -199 -45 199.685
      vertex -199 -45 447.5
    endloop
  endfacet
  facet normal -0 0 1
    outer loop
      vertex -199 -39 447.5
      vertex 199 -45 447.5
      vertex 199 -39 447.5
    endloop
  endfacet
  facet normal 0 0 1
    outer loop
      vertex 199 -45 447.5
      vertex -199 -39 447.5
      vertex -199 -45 447.5
    endloop
  endfacet
  facet normal 1 -0 0
    outer loop
      vertex 199 -45 447.5
      vertex 199 -39 199.685
      vertex 199 -39 447.5
    endloop
  endfacet
  facet normal 1 0 0
    outer loop
      vertex 199 -39 199.685
      vertex 199 -45 447.5
      vertex 199 -45 199.685
    endloop
  endfacet
  facet normal 0 1 -0
    outer loop
      vertex 199 -39 199.685
      vertex -199 -39 447.5
      vertex 199 -39 447.5
    endloop
  endfacet
  facet normal 0 1 0
    outer loop
      vertex 199 -39 199.685
      vertex -199 -39 199.685
      vertex -199 -39 447.5
    endloop
  endfacet
  facet normal 0 1 -0
    outer loop
      vertex 196.205 -39 182.5
      vertex -199 -39 199.685
      vertex 199 -39 199.685
    endloop
  endfacet
  facet normal 0 1 0
    outer loop
      vertex -199 -39 199.685
      vertex 196.205 -39 182.5
      vertex -196.205 -39 182.5
    endloop
  endfacet
  facet normal 0 0 -1
    outer loop
      vertex -196.205 -45 182.5
      vertex 196.205 -39 182.5
      vertex 196.205 -45 182.5
    endloop
  endfacet
  facet normal -0 0 -1
    outer loop
      vertex 196.205 -39 182.5
      vertex -196.205 -45 182.5
      vertex -196.205 -39 182.5
    endloop
  endfacet
  facet normal 0 -1 0
    outer loop
      vertex -199 -45 199.685
      vertex 199 -45 447.5
      vertex -199 -45 447.5
    endloop
  endfacet
  facet normal 0 -1 0
    outer loop
      vertex -199 -45 199.685
      vertex 199 -45 199.685
      vertex 199 -45 447.5
    endloop
  endfacet
  facet normal 0 -1 0
    outer loop
      vertex -196.205 -45 182.5
      vertex 199 -45 199.685
      vertex -199 -45 199.685
    endloop
  endfacet
  facet normal 0 -1 0
    outer loop
      vertex 199 -45 199.685
      vertex -196.205 -45 182.5
      vertex 196.205 -45 182.5
    endloop
  endfacet
  facet normal -1 0 0
    outer loop
      vertex -110 120 491
      vertex -110 130 499
      vertex -110 130 491
    endloop
  endfacet
  facet normal -1 -0 0
    outer loop
      vertex -110 130 499
      vertex -110 120 491
      vertex -110 120 499
    endloop
  endfacet
  facet normal -0 0 1
    outer loop
      vertex -110 130 499
      vertex 110 120 499
      vertex 110 130 499
    endloop
  endfacet
  facet normal 0 0 1
    outer loop
      vertex 110 120 499
      vertex -110 130 499
      vertex -110 120 499
    endloop
  endfacet
  facet normal 1 -0 0
    outer loop
      vertex 110 120 499
      vertex 110 130 491
      vertex 110 130 499
    endloop
  endfacet
  facet normal 1 0 0
    outer loop
      vertex 110 130 491
      vertex 110 120 499
      vertex 110 120 491
    endloop
  endfacet
  facet normal 0 1 -0
    outer loop
      vertex 110 130 491
      vertex -110 130 499
      vertex 110 130 499
    endloop
  endfacet
  facet normal 0 1 0
    outer loop
      vertex -110 130 499
      vertex 110 130 491
      vertex -110 130 491
    endloop
  endfacet
  facet normal 0 0 -1
    outer loop
      vertex -110 120 491
      vertex 110 130 491
      vertex 110 120 491
    endloop
  endfacet
  facet normal -0 0 -1
    outer loop
      vertex 110 130 491
      vertex -110 120 491
      vertex -110 130 491
    endloop
  endfacet
  facet normal 0 -1 0
    outer loop
      vertex -110 120 491
      vertex 110 120 499
      vertex -110 120 499
    endloop
  endfacet
  facet normal 0 -1 -0
    outer loop
      vertex 110 120 499
      vertex -110 120 491
      vertex 110 120 491
    endloop
  endfacet
endsolid OpenSCAD_Model
